osm_id,geometry
620020426,-0.2168985|51.5602221
1180291196,-0.1480208|51.5636581
1180291197,-0.1479987|51.5636041
1180291198,-0.1476837|51.5636526
1180291199,-0.1477058|51.5637066
1180291200,-0.1473206|51.5637161
1180291201,-0.1476724|51.5636621
1180291202,-0.147693|51.5637152
1180291203,-0.1473412|51.5637692
1180291204,-0.1467241|51.5638151
1180291205,-0.1473084|51.56372
1180291206,-0.1473291|51.5637703
1180291207,-0.1467462|51.5638655
1303464212,-0.2111483|51.5560534
1303464214,-0.2110884|51.5559882
1303464238,-0.2111669|51.5560741
1303464239,-0.2111176|51.5560913
1303464240,-0.2110403|51.5560065
1444412741,-0.1672653|51.5559014
1444412743,-0.1672167|51.5559066
1444412752,-0.1672768|51.5559425
1444412755,-0.1672282|51.5559477
1634712079,-0.1981405|51.6652711
1634712084,-0.19799|51.6654287
1634712089,-0.1980504|51.6654316
1634712093,-0.1981037|51.665154
1634712107,-0.1979639|51.6654739
1634712108,-0.1981974|51.6651101
1634712113,-0.1980468|51.665312
1634712121,-0.1980525|51.6652668
1634712128,-0.1982451|51.6649968
1634712136,-0.1981347|51.6653164
1634712138,-0.1981557|51.6649926
1634712166,-0.1981932|51.6651571
1634712180,-0.1979695|51.6654278
1634712181,-0.1981504|51.6650361
1634712185,-0.1980448|51.6654777
1634712189,-0.1981079|51.6651071
1634712196,-0.1982398|51.6650403
1651022156,-0.1880064|51.6416399
1651022199,-0.1879975|51.6416166
1651022213,-0.1879226|51.6416277
1651022244,-0.1879316|51.641651
1651480194,-0.1821743|51.6572028
1651480202,-0.1820894|51.6572625
1651480238,-0.1821757|51.6572617
1651480268,-0.182088|51.6572036
1651480337,-0.1821892|51.657171
1651480363,-0.1821027|51.6571721
1651481184,-0.1825446|51.6560433
1651481185,-0.1825912|51.6560431
1651481193,-0.1825907|51.6559936
1651481207,-0.182544|51.6559938
1658274219,-0.1328628|51.5690081
1658274226,-0.132937|51.5690308
1658274232,-0.1329226|51.569041
1669122245,-0.1394159|51.5692041
1669122247,-0.1394038|51.5691945
1669122249,-0.1394468|51.569152
1669122251,-0.1394702|51.5691811
1669122253,-0.1393877|51.5692003
1718569617,-0.140227|51.6371096
1718569618,-0.140201|51.6371735
1718569642,-0.1401653|51.6371546
1718569669,-0.1402627|51.6371285
1753886723,-0.158686|51.5879194
1753886746,-0.1587449|51.5879598
1753886760,-0.1592251|51.587932
1753886785,-0.1593714|51.5879951
1753886801,-0.1592938|51.5879296
1753886816,-0.1587416|51.5879177
1753886825,-0.1594156|51.5879942
1753886834,-0.1592293|51.5879789
1753886840,-0.1586894|51.5879615
1753886841,-0.159298|51.5879766
1753886866,-0.159369|51.5879513
1753886873,-0.1594132|51.5879504
1779985282,-0.2169196|51.5602135
1898144019,-0.1564078|51.6523346
1898144021,-0.1563683|51.6523009
1898144083,-0.156301|51.6523313
1898144084,-0.1563404|51.652365
1977338015,-0.2735022|51.6118143
1977338016,-0.2734209|51.6112144
1977338020,-0.2731374|51.6112147
1977338022,-0.2723998|51.6118609
1977338024,-0.2735792|51.611884
1977338026,-0.273099|51.6117208
1977338028,-0.2734727|51.6118393
1977338030,-0.2741003|51.6114662
1977338033,-0.2736068|51.6118543
1977338035,-0.2732366|51.6117043
1977338047,-0.2736309|51.6118642
1977338049,-0.2731259|51.6117857
1977338051,-0.273301|51.6117177
1977338053,-0.2722657|51.6113129
1977338055,-0.2722979|51.6115628
1977338057,-0.2736309|51.611263
1977338059,-0.2723427|51.6115559
1979773885,-0.160151|51.588183
1979773964,-0.1601695|51.5881072
1979773965,-0.1602123|51.588145
1979773971,-0.1601581|51.5882013
1979774007,-0.1602466|51.5882053
1979774008,-0.1601694|51.588145
1979774027,-0.1602494|51.5881536
1979774029,-0.1601528|51.5881514
1979774030,-0.1601538|51.588238
1979774039,-0.1602124|51.5881072
1979774062,-0.1602476|51.5881852
1979774070,-0.1602423|51.588242
1979955207,-0.16129|51.5931427
1979955243,-0.1612446|51.5931506
1979955304,-0.1612639|51.5930851
1979955383,-0.1612185|51.593093
1983341335,-0.1497708|51.6051937
1983341382,-0.14975|51.6052496
1983341394,-0.1497945|51.605241
1983341400,-0.1497263|51.6052023
1983385832,-0.1495663|51.6049742
1983385834,-0.149666|51.6049829
1983385872,-0.1495847|51.6049396
1983385981,-0.1495982|51.6049684
1983386056,-0.1496409|51.6049294
1983386271,-0.1495779|51.6049988
1983503985,-0.1527579|51.5993768
1983504024,-0.1528264|51.5993559
1983536734,-0.147472|51.5990708
1983536745,-0.1475671|51.599093
1983536746,-0.1475236|51.5991134
1983536763,-0.1475155|51.5990504
1983635395,-0.1442337|51.6037345
1983635448,-0.1442481|51.6036837
1983635462,-0.1441864|51.6037293
1983635580,-0.1442008|51.6036785
1983641015,-0.146458|51.602764
1983641018,-0.1465136|51.6027087
1984419003,-0.1469844|51.599989
1984419026,-0.1470058|51.6000087
1984419029,-0.1469913|51.6000756
1984419091,-0.1470539|51.6000526
1984428672,-0.14742|51.602732
1984428698,-0.1472832|51.6027037
1984428721,-0.147369|51.6026554
1984449863,-0.1467355|51.6055144
1984449898,-0.1467872|51.6054939
1984449911,-0.1468686|51.6055729
1984449949,-0.1468169|51.6055934
1984514110,-0.143753|51.6019227
1984514157,-0.1437154|51.6019784
1984514205,-0.1434395|51.6022761
1984514211,-0.1433613|51.6022599
1984514254,-0.143399|51.6022686
1984514317,-0.1434189|51.6022351
1984514320,-0.1436202|51.6019535
1984514328,-0.1433316|51.6023099
1984514330,-0.1436578|51.6018979
1984514334,-0.1434866|51.6022869
1984514336,-0.1435056|51.6022549
1984514382,-0.1434089|51.6023276
1984990228,-0.1684088|51.6101953
1984990569,-0.1684237|51.610525
1984990586,-0.1684163|51.6104647
1984990609,-0.1684152|51.6102489
1984990640,-0.1683505|51.6102516
1984990646,-0.1683442|51.6101983
1985020681,-0.1655759|51.6089633
1985204058,-0.1520071|51.6087903
1985204059,-0.1523042|51.6090767
1985204076,-0.1522294|51.6090541
1985204092,-0.1523236|51.6090519
1985204097,-0.1519763|51.6088326
1985204123,-0.1519901|51.6088136
1985204139,-0.1533846|51.6092088
1985204153,-0.1519497|51.6088251
1985204157,-0.1519805|51.6087828
1985204278,-0.1533924|51.6092817
1985208545,-0.1504501|51.6088305
1985208561,-0.1518693|51.6085549
1985208563,-0.1504345|51.6087853
1985208600,-0.1504051|51.6088132
1985208650,-0.1518118|51.608538
1985208671,-0.1504784|51.6088023
1985208715,-0.1518967|51.6085188
1985210391,-0.1489745|51.6089492
1985210422,-0.1489972|51.6089271
1985210684,-0.1490436|51.6089765
1985210913,-0.1490662|51.6089544
1985211278,-0.1496669|51.6094769
1985211312,-0.1516478|51.6091204
1985211317,-0.1519415|51.6091615
1985211330,-0.1519208|51.609115
1985211345,-0.1519031|51.6091681
1985211352,-0.1508719|51.6091048
1985211360,-0.1518825|51.6091216
1985211400,-0.1497294|51.6095031
1985211418,-0.1517172|51.6091075
1985211452,-0.1497007|51.6095295
1985211461,-0.1517378|51.6091501
1985211470,-0.1516684|51.6091631
1985211483,-0.150921|51.6090477
1985211489,-0.1496382|51.6095032
1985230736,-0.1547581|51.612101
1985230773,-0.1548234|51.6120972
1985230818,-0.1547654|51.6121502
1985230860,-0.1548308|51.6121464
1985237794,-0.1511508|51.6134496
1985237800,-0.1511566|51.6134974
1985237816,-0.1511903|51.6134811
1985238059,-0.1511171|51.6134659
1985720956,-0.1477953|51.6180255
1985721144,-0.14769|51.6179841
1985721166,-0.1477542|51.6180482
1985721168,-0.1477111|51.6180182
1985721240,-0.1477481|51.6179708
1985764515,-0.1510863|51.6146443
1985764577,-0.1509713|51.6146759
1985773739,-0.1528611|51.6166892
1985773759,-0.1529211|51.6167327
1985778068,-0.1485818|51.6181268
1985778077,-0.1484562|51.6181065
1985778092,-0.148509|51.6181564
1985778220,-0.1485291|51.6180768
1985829784,-0.1535452|51.6154444
1985829914,-0.1535081|51.6154587
1985829947,-0.1534806|51.6154314
1985841061,-0.1544547|51.6150652
1985841076,-0.1548593|51.6148775
1985841112,-0.1545843|51.6150723
1985841116,-0.1549177|51.6149293
1985841117,-0.154754|51.6149234
1985841121,-0.1545361|51.6150297
1985841150,-0.1548125|51.6149751
1985841212,-0.1545028|51.6151078
1985866679,-0.1565975|51.6146301
1985916239,-0.1587365|51.6164593
1985916241,-0.1589082|51.6164717
1985916244,-0.1587947|51.6166673
1985916251,-0.1589276|51.6166814
1985916257,-0.1589206|51.6166546
1985916263,-0.1588659|51.6168747
1985916266,-0.1587441|51.6164882
1985916267,-0.158945|51.6168667
1985916280,-0.1589504|51.6168872
1985916284,-0.1589006|51.6164427
1985916286,-0.1588713|51.6168952
1985916287,-0.1587873|51.6166392
1985916291,-0.1591394|51.6171637
1985916294,-0.1588017|51.6166941
1985916295,-0.1589132|51.6166265
1985916307,-0.1590166|51.6171881
1985924009,-0.1595417|51.6188521
1985924012,-0.1594297|51.6191215
1985924029,-0.1595328|51.6187898
1985924069,-0.159614|51.6188482
1985924075,-0.1593275|51.6191262
1985924087,-0.1593203|51.6190663
1985924112,-0.1596051|51.6187858
1985924115,-0.1594225|51.6190615
1985947787,-0.1574246|51.6192409
1985947843,-0.1574217|51.6191851
1985947890,-0.1574656|51.6192401
1985947899,-0.1583749|51.6192093
1985947930,-0.1584109|51.619157
1985947955,-0.1583683|51.6191592
1986195534,-0.1608165|51.6201654
1986195644,-0.1608708|51.6201809
1986263170,-0.1674345|51.6242016
1986263201,-0.1672052|51.6240013
1986263203,-0.1669804|51.6240638
1986263208,-0.1672621|51.6241985
1986263343,-0.1670057|51.6240568
1989016836,-0.1645725|51.6170776
1989016861,-0.1646039|51.6170764
1989016919,-0.1646526|51.6170538
1989016934,-0.1646073|51.6171128
1989016965,-0.1645706|51.6170567
1989020454,-0.1599957|51.6165784
1989040772,-0.1634654|51.6118791
1995601666,-0.1345598|51.6319137
1995601763,-0.1346696|51.6319303
1995601779,-0.1346043|51.6318875
1995601922,-0.1346251|51.6319565
1995661606,-0.1363254|51.6308159
1995661611,-0.1364204|51.63088
1995661651,-0.1364513|51.6308624
1995661656,-0.1363563|51.6307983
2001259731,-0.1368318|51.5786292
2001259732,-0.1367313|51.5786531
2001259733,-0.1368725|51.5786953
2001259734,-0.136772|51.5787192
2106467344,-0.2306869|51.5845956
2106467348,-0.2307264|51.5845685
2106467418,-0.2307807|51.5846483
2106467448,-0.2308202|51.5846212
2111246356,-0.1929129|51.6259712
2111246366,-0.1929209|51.625918
2111246377,-0.1928122|51.6259654
2111246391,-0.1928203|51.6259122
2111572826,-0.2207938|51.5790125
2111572832,-0.2207648|51.5789344
2111572939,-0.2207178|51.5789615
2111572942,-0.2208409|51.5789854
2112915696,-0.2184796|51.5795465
2112915777,-0.2184688|51.5795149
2112916101,-0.2183964|51.5795449
2112916160,-0.2183937|51.5795249
2116712038,-0.1998084|51.5930737
2116712197,-0.1998394|51.5931892
2116712248,-0.201576|51.5936119
2116712255,-0.2016146|51.5936199
2116712274,-0.1997762|51.593237
2116712344,-0.1998165|51.593247
2116712394,-0.2015406|51.5936779
2116712562,-0.1998513|51.5930737
2116712578,-0.2015792|51.5936859
2116783004,-0.1994963|51.5955101
2116783152,-0.1995287|51.5954558
2116783304,-0.1995752|51.5955282
2116783490,-0.1996076|51.5954739
2118622543,-0.1948181|51.5910618
2118622590,-0.1948666|51.5910812
2118622594,-0.1948149|51.5911309
2118622619,-0.1947665|51.5911115
2118622704,-0.1922633|51.5915904
2118622750,-0.1921202|51.5915962
2118622788,-0.1921683|51.5915512
2118622821,-0.1922152|51.5916354
2118625978,-0.1921664|51.5939405
2118626057,-0.1921426|51.5939613
2118626073,-0.1920697|51.5938978
2118626117,-0.1920459|51.5939186
2118673023,-0.1973635|51.5941757
2118673274,-0.197291|51.5941675
2118673590,-0.1973498|51.5942223
2118673693,-0.1972774|51.5942141
2118692772,-0.1961644|51.5965435
2118692788,-0.1961679|51.5965189
2118692800,-0.1962562|51.5965486
2118692863,-0.1962145|51.5965215
2118692868,-0.1962237|51.5964575
2118692875,-0.196269|51.59646
2121727412,-0.1799247|51.6102966
2121727414,-0.179942|51.6103444
2121727443,-0.1798221|51.6103108
2121727469,-0.1798381|51.6103908
2121727490,-0.179556|51.6103843
2121727491,-0.1798192|51.6103436
2121727503,-0.179575|51.6104315
2121727515,-0.1798394|51.6103586
2124283861,-0.1821494|51.607303
2124283903,-0.181898|51.6071374
2124283904,-0.1821262|51.6073864
2124283906,-0.1821962|51.6072731
2124283907,-0.1817825|51.6072484
2124283909,-0.1818399|51.6071027
2124283910,-0.1821682|51.6074084
2124283921,-0.1821033|51.6074497
2124283922,-0.1824126|51.6075562
2124283927,-0.1819778|51.6071414
2124283935,-0.1819309|51.6071714
2124283964,-0.1823477|51.6075976
2124283965,-0.1817305|51.6072982
2124283982,-0.1816962|51.6072678
2124283985,-0.1820743|51.6074363
2124283998,-0.181638|51.6072331
2153898275,-0.1375778|51.576584
2153898280,-0.1375875|51.576598
2153898287,-0.1375039|51.5766038
2153898291,-0.1373915|51.5766393
2153898294,-0.1376181|51.5766418
2153898296,-0.1373203|51.5766605
2153898298,-0.1376591|51.5767008
2153898300,-0.1375853|51.5767207
2153898302,-0.1374779|51.5767513
2153898304,-0.1374067|51.5767725
2160380451,-0.1353724|51.574849
2160380452,-0.1354633|51.5748603
2160380453,-0.1353606|51.5748855
2160380454,-0.1354516|51.5748968
2347376452,-0.1299849|51.5805111
2347376453,-0.1299277|51.5805306
2347376454,-0.1300243|51.5805559
2347376455,-0.1299671|51.5805753
2577013873,-0.2801642|51.5954644
2577013874,-0.2801146|51.5954692
2577013877,-0.2802156|51.5954735
2577013880,-0.2801677|51.5954782
2577013883,-0.2800105|51.595499
2577013887,-0.2799306|51.5955036
2577013888,-0.2801788|51.5955195
2577013892,-0.2801286|51.5955244
2577013894,-0.2802297|51.5955294
2577013896,-0.2801825|51.5955341
2577013898,-0.2800166|51.5955392
2577013899,-0.2799367|51.5955438
2577013941,-0.2821479|51.5957321
2577013947,-0.2820646|51.5957474
2577013950,-0.2819555|51.5957667
2577013954,-0.2818855|51.5957784
2577013956,-0.2821722|51.5957832
2577013961,-0.2820889|51.5957985
2577013963,-0.2819735|51.5958086
2577013968,-0.2819036|51.5958203
2577013988,-0.2811267|51.5958901
2577013992,-0.2810492|51.5959001
2577013996,-0.2809408|51.5959189
2577013998,-0.2809034|51.5959226
2577014001,-0.2811387|51.5959257
2577014003,-0.2810612|51.5959358
2577014005,-0.2805189|51.5959514
2577014006,-0.280438|51.5959544
2577014007,-0.280132|51.5959689
2577014008,-0.2809546|51.5959734
2577014009,-0.2800389|51.5959765
2577014010,-0.2809171|51.595977
2577014011,-0.280919|51.5959982
2577014012,-0.2805234|51.5959983
2577014013,-0.2804424|51.5960013
2577014014,-0.2808714|51.5960043
2577014015,-0.28014|51.5960067
2577014016,-0.2800468|51.5960143
2577014018,-0.2809363|51.5960509
2577014019,-0.2808887|51.596057
3263852301,-0.1307373|51.5651126
3263852302,-0.1307931|51.5651399
3263852303,-0.1306879|51.5651508
3263852306,-0.1307294|51.5651825
3655413411,-0.1301556|51.5799219
3655413412,-0.1300617|51.5799535
3655413413,-0.1302171|51.5799924
3655413415,-0.1301231|51.580024
4212060399,-0.1901729|51.6242808
4212060402,-0.190203|51.6242876
4212060408,-0.1901501|51.6243249
4212060410,-0.1901754|51.6243322
4271283705,-0.1789923|51.5612991
4271283706,-0.1789321|51.5613039
4271283707,-0.1789409|51.5613467
4271283708,-0.1790011|51.5613419
4343187120,-0.1293045|51.5785387
4343187121,-0.1292452|51.5785566
4343187122,-0.1293337|51.578576
4343187123,-0.1292745|51.5785939
4343187128,-0.1295939|51.5787193
4343187129,-0.1295111|51.578744
4343187132,-0.1296467|51.5787875
4343187136,-0.129564|51.5788123
4346037730,-0.1303183|51.5783067
4346037731,-0.1302746|51.5783204
4346037733,-0.1302116|51.5783401
4346037735,-0.1302305|51.5783634
4346037738,-0.1303966|51.5784034
4346037739,-0.1302701|51.5784123
4346037744,-0.1302899|51.5784368
4351568320,-0.1293788|51.5772409
4351568323,-0.1294006|51.5772675
4351568325,-0.1292817|51.5772718
4351568326,-0.1292702|51.5772806
4351568327,-0.1292143|51.5772982
4351568328,-0.1293035|51.5772983
4351568334,-0.1293084|51.5773275
4351568343,-0.1292524|51.5773451
4511925891,-0.1377312|51.6005565
4511936649,-0.1364415|51.5998549
4892992915,-0.1477432|51.5708796
4892992916,-0.1477895|51.5708872
4892992917,-0.1478263|51.5708068
4892992920,-0.1477787|51.5707954
4932249944,-0.1296649|51.5762016
4932249945,-0.1296313|51.5761535
4932249946,-0.1294076|51.5762139
4932249947,-0.1294413|51.576262
5026805051,-0.1816819|51.5678564
5044054592,-0.1409822|51.5839457
5044054593,-0.1410245|51.5839454
5044054594,-0.1410233|51.5838892
5044054595,-0.1409809|51.5838895
5143307597,-0.1463927|51.5784723
5143307598,-0.146312|51.5784111
5143307600,-0.146342|51.5784981
5143307601,-0.1462614|51.5784368
5166587658,-0.2010928|51.6330262
5166587659,-0.2010034|51.6330318
5166587660,-0.2009873|51.6329333
5166587661,-0.2010766|51.6329276
5197167428,-0.1307582|51.5651633
5197167429,-0.1307108|51.5651343
5214883251,-0.1320848|51.5779136
5214883252,-0.1320934|51.5778761
5214883253,-0.1321495|51.5778811
5214883254,-0.1321347|51.5779531
5214883255,-0.1320752|51.577946
5214883256,-0.1319994|51.5778641
5214883257,-0.132054|51.5778715
5214883258,-0.1320269|51.5779665
5214883259,-0.13187|51.5779026
5214883260,-0.1318876|51.5779518
5214883261,-0.1319702|51.5779591
5214883262,-0.1319826|51.5779147
5230051081,-0.139367|51.5691812
5265612081,-0.181951|51.6641917
5265612082,-0.1818612|51.664195
5265612083,-0.181856|51.6641388
5265612084,-0.1819458|51.6641356
5265612089,-0.1823285|51.663586
5265612090,-0.1822356|51.6635794
5265612091,-0.1822463|51.6635211
5265612092,-0.1823392|51.6635277
5265612099,-0.1840925|51.6638233
5265612100,-0.1840004|51.6638459
5265612101,-0.1839622|51.6637861
5265612102,-0.1840543|51.6637635
5265612117,-0.1837184|51.6635262
5265612118,-0.1836416|51.6635476
5265612119,-0.1835999|51.66349
5265612120,-0.1836768|51.6634686
5297627746,-0.1819382|51.5673457
5297627747,-0.181914|51.5672947
5297627750,-0.1819023|51.5673523
5297627751,-0.1818781|51.5673013
5297627786,-0.1817184|51.5678448
5297627787,-0.181749|51.5678351
5297627788,-0.1816995|51.5677748
5297627789,-0.1816324|51.5677962
5300157710,-0.1766758|51.5633588
5300157711,-0.1766368|51.5633548
5300157712,-0.176608|51.5633496
5300157713,-0.1765799|51.5633427
5300157714,-0.176556|51.5633174
5300157715,-0.1766291|51.5632979
5300175173,-0.1815763|51.5602297
5300175183,-0.1815513|51.5601998
5300175184,-0.181644|51.5601751
5300175185,-0.1816536|51.5601939
5300809295,-0.1861316|51.5607479
5300809296,-0.1860579|51.5607331
5300809297,-0.1860253|51.5606812
5300809298,-0.1860552|51.560674
5300809299,-0.1860661|51.5606529
5300809300,-0.18617|51.5606737
5300809443,-0.1859265|51.5613335
5300809444,-0.1858324|51.5613603
5300809445,-0.1858023|51.5613195
5300809446,-0.1858963|51.5612926
5300809469,-0.185372|51.5615791
5300809470,-0.1853638|51.5615238
5300809471,-0.1854383|51.5615195
5300809472,-0.1854465|51.5615748
5300809585,-0.1843235|51.5616103
5300809586,-0.1842396|51.5616214
5300809587,-0.1842251|51.561579
5300809588,-0.184309|51.5615679
5339772556,-0.1725877|51.5601349
5339772557,-0.1725198|51.5601079
5339772558,-0.1726144|51.5600161
5339772559,-0.1726822|51.560043
5339789787,-0.1757261|51.5601304
5339789788,-0.1756481|51.5601475
5339789789,-0.1756291|51.5601139
5339789790,-0.1757071|51.5600968
5424929211,-0.1384257|51.578773
5424929212,-0.1381986|51.578826
5424929213,-0.1382294|51.5788769
5424929214,-0.1384565|51.5788239
5424929215,-0.1382067|51.5789496
5424929216,-0.138237|51.5790015
5424929217,-0.1384397|51.5789558
5424929218,-0.1384094|51.5789038
5424929219,-0.1386663|51.5788635
5424929220,-0.1384274|51.5789219
5424931621,-0.1384595|51.5789726
5424931622,-0.1386984|51.5789142
5424931623,-0.1392692|51.5785641
5424931624,-0.1390136|51.578623
5424931625,-0.1390428|51.578672
5424931626,-0.1392985|51.5786131
5424931627,-0.1390604|51.5787307
5424931628,-0.1388393|51.5787824
5424931629,-0.1388694|51.5788321
5424931630,-0.1390905|51.5787804
5424931631,-0.1393897|51.5787367
5424931632,-0.1391191|51.5788014
5424931633,-0.1391517|51.5788541
5424931634,-0.1394223|51.5787893
5465561815,-0.1988437|51.638739
5465561816,-0.1988614|51.6388558
5465561817,-0.1990386|51.6388454
5465561818,-0.1990209|51.6387287
5646477143,-0.2169744|51.5602394
5646477144,-0.2169391|51.5602056
5646477145,-0.2169338|51.5602559
5704721662,-0.1649235|51.5747382
5704721663,-0.164796|51.5747047
5704721664,-0.1648543|51.5746192
5704721665,-0.1649818|51.5746528
5762480338,-0.1321538|51.5638309
5762480342,-0.1318305|51.5638866
5762480343,-0.1319861|51.563684
5762480344,-0.1320679|51.5637083
5762480345,-0.1319124|51.5639109
5762480346,-0.1319627|51.5639804
5762480347,-0.132093|51.5638127
5762480348,-0.1321719|51.5638364
5762480349,-0.1320416|51.5640041
5985157032,-0.1493907|51.5773191
5985194276,-0.1816557|51.5602033
6158982895,-0.238441|51.6169286
6158982896,-0.2384313|51.6169784
6158982897,-0.2385114|51.6169844
6158982898,-0.2385211|51.6169346
6158982902,-0.2393391|51.6167363
6158982903,-0.2392877|51.6169095
6158982904,-0.239244|51.6169045
6158982905,-0.2392954|51.6167313
6158982906,-0.2393108|51.6166777
6158982907,-0.2392472|51.6166708
6158982908,-0.2392322|51.6167241
6165751791,-0.1949627|51.6060978
6165751792,-0.1949119|51.6061395
6165751793,-0.1949661|51.606165
6165751794,-0.1950169|51.6061233
6797430236,-0.3056477|51.5877321
6797430237,-0.3056496|51.5876689
6797430238,-0.3055536|51.5876701
6797430239,-0.3055573|51.5877356
6955541303,-0.1847275|51.6092458
6955541304,-0.1844641|51.609458
6955541305,-0.1845242|51.6094864
6955541306,-0.1847875|51.6092743
6955541307,-0.1845337|51.6092086
6955541308,-0.1843213|51.6093816
6955541309,-0.1843813|51.60941
6955541310,-0.1845937|51.609237
7009810034,-0.1329447|51.5682968
7009810035,-0.1327985|51.5684057
7009810036,-0.1328424|51.5684284
7009810037,-0.1329886|51.5683196
7029298650,-0.1394646|51.6463545
7029298651,-0.1387056|51.6465019
7029298652,-0.1387305|51.6465513
7029298653,-0.1394895|51.6464038
7036529660,-0.1805654|51.6233737
7036529661,-0.1807783|51.6234513
7036529662,-0.1808139|51.6234137
7036529663,-0.180601|51.6233361
7036910609,-0.1973943|51.6001309
7036910610,-0.1972095|51.6000481
7036910611,-0.1971529|51.6000823
7036910612,-0.1973444|51.6001629
7143168180,-0.1570323|51.5949548
7143168186,-0.1568836|51.5948509
7143168187,-0.1569112|51.594966
7508961969,-0.1792486|51.5860293
7508961970,-0.1791454|51.586016
7508961971,-0.179158|51.5859781
7508961972,-0.1792613|51.5859915
7508962398,-0.1837947|51.5863846
7508962399,-0.1834592|51.5863481
7508962400,-0.1834768|51.5862989
7508962401,-0.1838096|51.5863381
7508962412,-0.1840314|51.5856672
7508962413,-0.1841231|51.5856767
7508962414,-0.1841098|51.5857262
7508962415,-0.184018|51.5857166
7508962416,-0.1839882|51.5856643
7508962417,-0.1836826|51.5856305
7508962430,-0.1829511|51.5855139
7508962431,-0.1823224|51.5854388
7508962432,-0.1823404|51.5853808
7508962433,-0.1829989|51.5854595
7508962438,-0.1822274|51.5854239
7508962439,-0.1822417|51.585373
7508962440,-0.1820898|51.5853566
7508962441,-0.1820755|51.5854075
7508962442,-0.1818028|51.5853627
7508962443,-0.1816694|51.5853463
7508962444,-0.1816784|51.5853179
7508962445,-0.1818119|51.5853342
7508962446,-0.1815555|51.5853462
7508962447,-0.1813608|51.5853237
7508962448,-0.1813768|51.5852702
7508962449,-0.1815716|51.5852927
7510274508,-0.1778468|51.5883312
7510274509,-0.1775276|51.5882977
7510274512,-0.1773576|51.5883104
7510274513,-0.1768081|51.5882429
7510274514,-0.1768229|51.5881961
7510274515,-0.1773725|51.5882635
7552751803,-0.1323686|51.5695966
7552751804,-0.1324404|51.5695966
7552751805,-0.1324419|51.5696337
7552751806,-0.1324228|51.5696333
7552751809,-0.1322978|51.5696454
7552751810,-0.132422|51.5696437
7590722703,-0.1327951|51.5689868
7590722704,-0.1328092|51.568977
7590722705,-0.1328502|51.569017
7590722706,-0.1328355|51.5689584
7590722707,-0.1329504|51.5690214
7636716665,-0.1354517|51.6386202
7636716666,-0.1353823|51.6385836
7636716667,-0.1355035|51.6385824
7636716668,-0.135434|51.6385458
7636716669,-0.1354885|51.6385059
7636716670,-0.1355579|51.6385436
7636716672,-0.1356906|51.638486
7636716673,-0.1356549|51.6384679
7636716674,-0.1357075|51.638428
7636716675,-0.1357433|51.6384462
7636835757,-0.1323544|51.5679262
7636835758,-0.132359|51.5678941
7636835759,-0.1324301|51.567898
7636835760,-0.1324256|51.5679301
7682696161,-0.1633503|51.5744498
7682696162,-0.1633504|51.5744222
7682696163,-0.1635097|51.5744225
7682696164,-0.1635095|51.5744502
7683955117,-0.1618333|51.5731847
7683955118,-0.1618037|51.5732497
7683955119,-0.1619789|51.5732805
7683955120,-0.1620085|51.5732155
7906074407,-0.1306327|51.5708915
7906099147,-0.1306051|51.5708617
7906099148,-0.130625|51.5708545
7906099149,-0.1306527|51.5708843
8039588557,-0.152437|51.5865525
8039588558,-0.1524295|51.5865022
8039588559,-0.1525053|51.5864979
8039588560,-0.1525127|51.5865481
8143432206,-0.1299853|51.5984081
8143432207,-0.1300683|51.5984228
8143432208,-0.130045|51.5984735
8143465280,-0.1299621|51.5984589
8143465281,-0.1298749|51.5984435
8143465282,-0.1299217|51.5983413
8143465283,-0.1300089|51.5983567
8143465284,-0.1296981|51.5982958
8143465285,-0.129541|51.598273
8143465286,-0.129516|51.5983395
8143465287,-0.1296731|51.5983623
8143465288,-0.1291954|51.5982959
8143465289,-0.1292783|51.5983077
8143465290,-0.1293156|51.5982064
8143465291,-0.1292228|51.5981931
8143465292,-0.1292061|51.5982383
8143465293,-0.1291361|51.5982283
8143465294,-0.1291096|51.5983002
8143465295,-0.1291896|51.5983116
8464674295,-0.1500531|51.5763928
8464674296,-0.1500177|51.5763195
8464674297,-0.1499582|51.5763305
8464674298,-0.1499935|51.5764038
8496760819,-0.2643816|51.6451161
8496760820,-0.2642889|51.6450941
8496760821,-0.264337|51.6450161
8496760822,-0.2644297|51.6450381
8541501458,-0.1480795|51.5723932
8638460579,-0.1335191|51.5742774
8638460580,-0.1335673|51.5742621
8638460581,-0.13362|51.5743262
8638460582,-0.1335584|51.5743458
8638460583,-0.1335471|51.574332
8638460584,-0.1335604|51.5743278
8679980097,-0.1966254|51.6175056
8679980098,-0.1966656|51.6174646
8679980099,-0.196705|51.6174794
8679980100,-0.1966648|51.6175204
8679980101,-0.1966732|51.6175148
8679980102,-0.1967116|51.6174772
8679980103,-0.1967463|51.6174908
8679980104,-0.1967078|51.6175284
8679980105,-0.1968135|51.6176096
8679980106,-0.1968722|51.6175511
8679980107,-0.1969137|51.6175671
8679980108,-0.196855|51.6176257
8680038384,-0.1967034|51.6180759
8680038390,-0.1966573|51.6181249
8680038391,-0.1966566|51.6181707
8680038392,-0.1967352|51.6180873
8680038394,-0.196625|51.6181592
8680038395,-0.1968895|51.6181469
8680038396,-0.1968467|51.6181914
8680038397,-0.1968844|51.6182054
8680038398,-0.1969244|51.6182141
8680038399,-0.1969629|51.6181741
8680038400,-0.1969272|51.6181609
8680038401,-0.1968888|51.6182009
8703082425,-0.1493156|51.577266
8703082426,-0.1493247|51.5773227
8703082427,-0.1494238|51.577317
8703082428,-0.1494147|51.5772598
8723160266,-0.1502511|51.5766172
8723160267,-0.150268|51.5766563
8723160268,-0.150179|51.5766712
8723160269,-0.1501621|51.576632
8737155122,-0.1564623|51.5860117
8737155123,-0.1564646|51.5859587
8737155124,-0.1563845|51.5859573
8737155125,-0.1563822|51.5860103
8756594644,-0.1540093|51.5701893
8756594648,-0.1540913|51.5701879
8756594649,-0.1540869|51.5701026
8756594650,-0.1539675|51.570105
8756594651,-0.153972|51.5701901
8756594714,-0.1550429|51.5690733
8756594715,-0.1551098|51.5690288
8756594716,-0.1552042|51.5690836
8756598117,-0.1551373|51.5691281
8756598148,-0.1551865|51.5687697
8756598149,-0.1551426|51.5687069
8756598150,-0.155244|51.5686794
8756598151,-0.155288|51.5687423
8756598152,-0.1552159|51.5688473
8756598153,-0.1551728|51.5687833
8756598154,-0.1552768|51.5687562
8756598155,-0.1553199|51.5688202
8756598164,-0.1553909|51.5690074
8756598165,-0.1553152|51.5690538
8756598166,-0.1553964|51.5691049
8756598167,-0.155472|51.5690586
8758528746,-0.148085|51.5724672
8758528747,-0.1480251|51.5724703
8758528748,-0.148019|51.5723978
8830496105,-0.143798|51.573503
8830496106,-0.1438058|51.5735618
8830496107,-0.1438739|51.5735583
8830496108,-0.1438661|51.5734995
9004536303,-0.1778682|51.5882854
9004536304,-0.1775406|51.5882498
9121266965,-0.1300459|51.562364
9121266966,-0.1300195|51.5623845
9121266967,-0.1299741|51.562362
9121266968,-0.1300006|51.5623413
9214436018,-0.1836671|51.5856847
9214436019,-0.1839727|51.5857185
9247264203,-0.1829561|51.5854978
9247264204,-0.1829859|51.5855013
9286909247,-0.1899726|51.6195002
9286909248,-0.1898203|51.6194875
9286909249,-0.1898125|51.6195234
9286909250,-0.1899648|51.6195361
9286909251,-0.1900178|51.6198649
9286909252,-0.1899646|51.6198601
9286909253,-0.1899414|51.6199607
9286909254,-0.1899946|51.6199654
9286909255,-0.1899064|51.619855
9286909256,-0.1898832|51.6199555
9354242673,-0.1821943|51.6571988
9354242674,-0.1821933|51.6571709
9354242675,-0.1820983|51.6571722
9354242676,-0.1820993|51.6572
9354460989,-0.1841052|51.6574432
9354460990,-0.1840057|51.6574474
9354460991,-0.1840102|51.6574885
9354460992,-0.1841097|51.6574843
9407356689,-0.2154145|51.5556661
9407356690,-0.2153647|51.555654
9407356691,-0.2153893|51.5556147
9407356692,-0.2154392|51.5556268
9409978605,-0.2116375|51.556164
9409978606,-0.2116103|51.5561339
9409978607,-0.2117251|51.5560877
9409978608,-0.2117457|51.5561108
9410381083,-0.2136567|51.5573578
9410381084,-0.2135882|51.5573852
9410381085,-0.2135638|51.5573653
9410381086,-0.2136304|51.5573327
9410381102,-0.2136131|51.5573752
9452641150,-0.1912434|51.556737
9452641151,-0.1912699|51.5567101
9452641152,-0.1911787|51.5566753
9452641153,-0.1911522|51.5567022
9452641183,-0.1911936|51.556681
9487074281,-0.1518392|51.608502
9489903608,-0.1508099|51.6090844
9489903609,-0.150859|51.6090273
9490123850,-0.1522491|51.6090294
9493882311,-0.1834367|51.6643015
9493882312,-0.1833855|51.6642311
9493882313,-0.1832967|51.664256
9493882314,-0.1833479|51.6643264
9493882316,-0.1826486|51.6641319
9493882317,-0.1825517|51.6640935
9493882318,-0.182498|51.6641455
9493882319,-0.1825949|51.664184
9494149474,-0.1792393|51.6643884
9494149475,-0.1791498|51.6643507
9494149476,-0.1790907|51.6644047
9494149477,-0.1791802|51.6644424
9494149480,-0.1786172|51.664813
9494149481,-0.1785761|51.6647568
9494149482,-0.178478|51.6647845
9494149483,-0.178519|51.6648406
9503643938,-0.1849138|51.6489493
9503643939,-0.1848863|51.6489262
9503643940,-0.1848174|51.6489578
9503643941,-0.1848449|51.6489809
9526768246,-0.1489447|51.608978
9526768247,-0.1489673|51.6089559
9526768248,-0.1490364|51.6089832
9526768249,-0.1490137|51.6090053
9530847453,-0.1423754|51.605098
9530847454,-0.1423851|51.6050696
9530847455,-0.1422892|51.6050569
9530847456,-0.1422795|51.6050853
9537842877,-0.1516239|51.6105783
9537842878,-0.1516649|51.6106224
9537842879,-0.1517406|51.6105953
9537842880,-0.1516996|51.6105512
9538510223,-0.1527435|51.6167342
9538510224,-0.1528174|51.6167878
9538510225,-0.1527862|51.616729
9538510226,-0.1527723|51.6167189
9550344791,-0.1546777|51.6007565
9550344836,-0.1551595|51.6008004
9550344837,-0.155162|51.6007799
9550344838,-0.155224|51.6007829
9550344842,-0.1551022|51.6007483
9550344843,-0.1552276|51.6007544
9550344846,-0.1550605|51.6007956
9550344847,-0.1550666|51.6007466
9550344848,-0.1548326|51.6007353
9550344849,-0.1548265|51.6007843
9550344850,-0.1547275|51.6007796
9550344851,-0.15473|51.600759
9550344852,-0.154668|51.600756
9550344853,-0.1546716|51.6007275
9550344857,-0.154797|51.6007336
9554701713,-0.1469245|51.600014
9556686729,-0.146418|51.6027485
9556686730,-0.1464736|51.6026932
9558712605,-0.1451216|51.6057192
9558712606,-0.1450618|51.6056891
9558712607,-0.1450886|51.6056686
9558712608,-0.1451484|51.6056987
9559168299,-0.1385935|51.6001127
9559168300,-0.1385555|51.6001349
9559168301,-0.1384954|51.6000964
9559168303,-0.138413|51.6002179
9559168304,-0.1383551|51.6001808
9559168306,-0.1383719|51.6002419
9559168307,-0.1383146|51.6002052
9559168309,-0.1382166|51.6003324
9559168310,-0.1381785|51.6003546
9559168311,-0.1381617|51.6002973
9559168313,-0.1381243|51.6003198
9559168315,-0.1379731|51.6004743
9559168316,-0.1380101|51.6004528
9559188817,-0.1379584|51.6004197
9559188819,-0.137922|51.6004416
9559188821,-0.1378268|51.6005596
9559188822,-0.137778|51.6005284
9559188824,-0.1385328|51.6000738
9559188826,-0.1377785|51.6005878
9559188843,-0.1372697|51.6004936
9559188844,-0.1372336|51.600471
9559188845,-0.1370951|51.6003844
9559188846,-0.1370564|51.6003601
9559188847,-0.136915|51.6002718
9559188848,-0.1368769|51.6002479
9559188849,-0.1367403|51.6001625
9559188850,-0.1367|51.6001373
9559188851,-0.1365615|51.6000507
9559188852,-0.1365245|51.6000276
9559188853,-0.137367|51.6004336
9559188855,-0.1373309|51.600411
9559188857,-0.1371924|51.6003244
9559188859,-0.1371536|51.6003002
9559188861,-0.1370122|51.6002118
9559188863,-0.1369741|51.600188
9559188865,-0.1368375|51.6001025
9559188867,-0.1367972|51.6000773
9559188869,-0.1366587|51.5999907
9559188871,-0.1366218|51.5999676
9559188874,-0.1364797|51.5998788
9559188875,-0.1363825|51.5999388
9559188876,-0.1363443|51.5999149
9566704035,-0.1683669|51.6104671
9566704036,-0.1683743|51.6105274
9566726209,-0.1686296|51.610176
9566726210,-0.1686358|51.6102326
9566726211,-0.1685948|51.6102343
9566726212,-0.1685887|51.6101777
9566856635,-0.1656904|51.6089852
9566856636,-0.1655955|51.6089234
9566856640,-0.1657002|51.6089631
9566969871,-0.1598256|51.6102207
9566969872,-0.1597846|51.6102281
9566969873,-0.1598086|51.6102793
9566969874,-0.1598496|51.6102718
9570982673,-0.1634436|51.6118189
9570982674,-0.1634847|51.6118131
9570982675,-0.1635112|51.6118862
9570982676,-0.1634701|51.611892
9609827746,-0.1319599|51.5779961
9609827747,-0.1318777|51.5779872
9609827748,-0.1318572|51.5779485
9876726092,-0.1548651|51.6149522
9876726095,-0.1548066|51.6149005
9876726114,-0.1535177|51.615417
9877072977,-0.151115|51.6146846
9877072978,-0.151|51.6147162
9877517597,-0.1587238|51.6148967
9877517598,-0.1585695|51.6149124
9877517599,-0.1585562|51.6148619
9877517600,-0.1587105|51.6148462
9877523728,-0.1588576|51.6168428
9877523729,-0.1589367|51.6168348
9877523732,-0.1590088|51.6171896
9877523733,-0.1590224|51.617216
9877523734,-0.159153|51.6171901
9878502450,-0.1566005|51.6146376
9878502451,-0.1565581|51.6146362
9878502452,-0.1566167|51.6146791
9878502453,-0.1565778|51.6146852
9879559490,-0.1543631|51.6192663
9879559491,-0.1543961|51.619272
9879559492,-0.1543751|51.6193192
9879559493,-0.1543421|51.6193135
9879559496,-0.1546365|51.6193206
9879559497,-0.1546618|51.6193247
9879559498,-0.1546381|51.6193816
9879559499,-0.1546128|51.6193775
9879559502,-0.1547158|51.6193283
9879559503,-0.1546754|51.6193237
9879559504,-0.1546609|51.6193721
9879559505,-0.1547013|51.6193767
9879559506,-0.1549064|51.6193497
9879559507,-0.1549414|51.6193537
9879559508,-0.1549264|51.6194037
9879559509,-0.1548915|51.6193997
9879559513,-0.1550023|51.6193557
9879559514,-0.1549609|51.6193548
9879559515,-0.1549562|51.6194315
9879559516,-0.1549977|51.6194325
9879609817,-0.1552034|51.6193597
9879609818,-0.1552387|51.6193605
9879609819,-0.1552338|51.6194406
9879609820,-0.1551986|51.6194398
9879609829,-0.1560469|51.6192917
9879609830,-0.156078|51.6192883
9879609831,-0.1560908|51.6193344
9879609832,-0.1560597|51.6193377
9879609835,-0.1561463|51.619293
9879609836,-0.1561062|51.6192969
9879609837,-0.1561205|51.6193526
9879609838,-0.1561606|51.6193487
9879609839,-0.1563614|51.6192718
9879609840,-0.1563977|51.6192682
9879609841,-0.1564113|51.6193215
9879609842,-0.156375|51.619325
9879609845,-0.1566769|51.6192485
9879609846,-0.156712|51.6192458
9879609847,-0.1567226|51.6192987
9879609848,-0.1566875|51.6193014
9879609877,-0.1574627|51.6191842
9879609884,-0.1584175|51.6192072
9879654202,-0.1571163|51.6193387
9879654203,-0.1570868|51.6193198
9879654204,-0.1570311|51.6193533
9879654205,-0.1570606|51.6193723
9879654206,-0.1572563|51.6194317
9879654207,-0.1572871|51.6194515
9879654208,-0.1572311|51.6194852
9879654209,-0.1572003|51.6194654
9881638172,-0.1611202|51.6202814
9881638173,-0.1611377|51.6202577
9881638174,-0.1611074|51.6202491
9881638175,-0.161168|51.6202662
9881638176,-0.1611505|51.62029
9881638177,-0.16109|51.6202728
9881638178,-0.1608076|51.620222
9881638179,-0.1608436|51.6201732
9881638180,-0.1608347|51.6202297
9881638181,-0.1607804|51.6202142
9881703212,-0.163968|51.6216922
9881703213,-0.1640166|51.6216339
9881703214,-0.1639316|51.6216806
9881703215,-0.1640045|51.6217039
9881715717,-0.164053|51.6216456
9881715718,-0.1639802|51.6216222
9881802922,-0.1672494|51.6242021
9881802923,-0.16728|51.6242445
9881802924,-0.1673428|51.6242271
9881802926,-0.1674039|51.6241591
9881802929,-0.1669979|51.624088
9881802934,-0.1672227|51.6240254
9943428930,-0.1533234|51.6092846
9943428932,-0.1533156|51.6092117
9948104572,-0.1535062|51.6153425
9948104573,-0.1534204|51.6153727
9948104574,-0.1533935|51.6153432
9948104575,-0.1534793|51.615313
10117483963,-0.2796721|51.6576981
10117483964,-0.279745|51.6576794
10117483965,-0.2796582|51.6576773
10117483966,-0.2797311|51.6576586
10117483967,-0.2796443|51.6576565
10117483968,-0.2797173|51.6576378
10117483969,-0.2796305|51.6576357
10117483970,-0.2797034|51.657617
10117483971,-0.2796166|51.6576149
10117483972,-0.2796896|51.6575962
10117483973,-0.2796027|51.6575941
10117483974,-0.2796757|51.6575754
10117483975,-0.2795889|51.6575734
10117483976,-0.2796618|51.6575546
10117483977,-0.279575|51.6575526
10117483978,-0.279648|51.6575339
10117483979,-0.2795612|51.6575318
10117483980,-0.2796341|51.6575131
10117483981,-0.279838|51.6575916
10117483982,-0.2798991|51.6575667
10117483983,-0.2798182|51.6575729
10117483984,-0.2798793|51.657548
10117483985,-0.2797983|51.6575542
10117483986,-0.2798594|51.6575292
10117483987,-0.2797785|51.6575355
10117483988,-0.2798396|51.6575105
10117483989,-0.2797586|51.6575168
10117483990,-0.2798198|51.6574918
10117483991,-0.2797388|51.6574981
10117483992,-0.2797999|51.6574731
10117483993,-0.279719|51.6574794
10117483994,-0.2797801|51.6574544
10117483995,-0.2798578|51.6576103
10117483996,-0.2796991|51.6574607
10117483997,-0.2797602|51.6574357
10117483998,-0.279919|51.6575854
10117483999,-0.2796859|51.6577189
10117484000,-0.2795473|51.657511
10117484001,-0.2796202|51.6574923
10117484002,-0.2797589|51.6577002
10117484031,-0.2794358|51.6580361
10117484032,-0.2794748|51.6580737
10117484033,-0.2794657|51.6580241
10117484034,-0.2795047|51.6580617
10117484035,-0.2794956|51.6580122
10117484036,-0.2795346|51.6580498
10117484037,-0.2795256|51.6580002
10117484038,-0.2795646|51.6580378
10117484039,-0.2795555|51.6579883
10117484040,-0.2795945|51.6580259
10117484041,-0.2795854|51.6579763
10117484042,-0.2796244|51.6580139
10117484043,-0.2796153|51.6579644
10117484044,-0.2796543|51.658002
10117484045,-0.2796452|51.6579524
10117484046,-0.2796842|51.65799
10117484047,-0.2796752|51.6579405
10117484048,-0.2797142|51.6579781
10117484049,-0.2797051|51.6579286
10117484050,-0.2797441|51.6579661
10117484051,-0.279735|51.6579166
10117484052,-0.279774|51.6579542
10117484053,-0.2797649|51.6579047
10117484054,-0.2794059|51.658048
10117484055,-0.2794449|51.6580856
10117484056,-0.2798039|51.6579422
10167134827,-0.2812878|51.6575759
10167134828,-0.2812476|51.6575349
10167134829,-0.2812113|51.6575486
10167134830,-0.2812514|51.6575896
10167134840,-0.2777872|51.6597275
10167134841,-0.2777347|51.6596771
10167134842,-0.2777737|51.6596615
10167134843,-0.2778261|51.6597118
10212582696,-0.1526933|51.5950157
10212582697,-0.1526501|51.5950094
10212582698,-0.1526736|51.5951086
10212582699,-0.1526909|51.5950057
10212582700,-0.1526093|51.5950132
10212582701,-0.1526328|51.5951123
10212582702,-0.1527144|51.5951048
10212582703,-0.1523677|51.5950225
10212582704,-0.152384|51.5950912
10212582705,-0.1524073|51.5950189
10212582706,-0.1523282|51.5950261
10212582707,-0.1523444|51.5950948
10212582708,-0.1524236|51.5950876
10212582711,-0.1517846|51.5951245
10212582716,-0.1515418|51.5951234
10212607917,-0.1515061|51.5951267
10212607918,-0.1515801|51.5951199
10212607919,-0.1516093|51.5952427
10212607920,-0.1515709|51.5952463
10212607921,-0.1515673|51.5952312
10212607922,-0.1515317|51.5952345
10212607923,-0.1510181|51.5951769
10212607924,-0.1509865|51.5951798
10212607925,-0.1510077|51.595269
10212607926,-0.1510393|51.5952662
10212607927,-0.1512573|51.5951313
10212607928,-0.1512745|51.5952042
10212607929,-0.1512923|51.5951281
10212607930,-0.1512222|51.5951345
10212607931,-0.1512395|51.5952074
10212607932,-0.1513096|51.595201
10212607933,-0.1517791|51.5951011
10212607934,-0.1517914|51.5951531
10212607935,-0.1518341|51.5951492
10212607938,-0.1518218|51.5950972
10212607941,-0.1520938|51.5950675
10212607942,-0.1521194|51.5951755
10212607943,-0.1521337|51.5950639
10212607944,-0.1520539|51.5950712
10212607945,-0.1520795|51.5951792
10212607946,-0.1521593|51.5951719
10212607950,-0.1524214|51.5950781
10212607953,-0.1526204|51.5950599
10212607956,-0.1521444|51.595109
10212607959,-0.1523435|51.5950908
10212607964,-0.1520645|51.5951162
10212607970,-0.1515907|51.5951644
10212607972,-0.1515167|51.5951712
10212607974,-0.151307|51.5951904
10212607981,-0.151237|51.5951968
10212607982,-0.1510274|51.5952159
10212607984,-0.1509998|51.5952357
10224034359,-0.1527227|51.5993323
10224034360,-0.1527913|51.5993114
10232911853,-0.2056321|51.6051973
10232911854,-0.2055779|51.6051676
10232911855,-0.2055003|51.6052222
10232911856,-0.2055545|51.6052519
10232930512,-0.2058121|51.606192
10232930513,-0.2058387|51.6062257
10232930514,-0.2058054|51.606206
10232930515,-0.2058846|51.6061449
10232930516,-0.2059379|51.6061614
10233503340,-0.1977623|51.6175163
10233503378,-0.1972457|51.6172846
10233503379,-0.1971619|51.6172787
10233503380,-0.197167|51.6172501
10233503381,-0.1972509|51.617256
10233503395,-0.1972168|51.6171061
10233503396,-0.1972255|51.6170811
10233503397,-0.1973018|51.6170912
10233503398,-0.1972932|51.6171163
10233503399,-0.1971496|51.6170706
10233503400,-0.1971583|51.6170442
10233503401,-0.197322|51.6170649
10233503402,-0.1973133|51.6170913
10233530755,-0.1981212|51.6170059
10233530756,-0.1980446|51.6169971
10233530757,-0.1980364|51.6170246
10233530758,-0.198113|51.6170335
10233530771,-0.198093|51.616693
10233530772,-0.1981075|51.6166474
10233530773,-0.1981459|51.6166521
10233530774,-0.1981315|51.6166977
10233530779,-0.1981341|51.6166981
10233530780,-0.1981481|51.6166503
10233530781,-0.1981939|51.6166555
10233530782,-0.1981798|51.6167033
10233530848,-0.1974789|51.6166107
10233530849,-0.1974889|51.6165654
10233530850,-0.1975277|51.6165687
10233530851,-0.1975177|51.616614
10233530852,-0.1974851|51.6165635
10233530853,-0.1974418|51.6165591
10233530854,-0.1974289|51.6166081
10233530855,-0.1974721|51.6166125
10233530886,-0.1969863|51.6165753
10233530887,-0.196943|51.6165347
10233530888,-0.1969811|51.616519
10233530889,-0.1970244|51.6165596
10233530948,-0.1965692|51.6171932
10233530949,-0.1965061|51.6171581
10233530950,-0.1965368|51.6171351
10233530951,-0.1966568|51.6171968
10233530952,-0.1965402|51.617214
10233530953,-0.1964755|51.6171794
10233530954,-0.1965046|51.6171585
10233530988,-0.1962493|51.6175631
10233530989,-0.1962913|51.6175275
10233530990,-0.1963259|51.6175432
10233530991,-0.1962839|51.6175788
10233531002,-0.1960061|51.6175324
10233531003,-0.1959793|51.6175004
10233531004,-0.1959224|51.6175485
10233531005,-0.195964|51.6175677
10233535837,-0.1941222|51.6177032
10233535853,-0.1945979|51.6176374
10233535854,-0.194611|51.6176106
10233535855,-0.1946904|51.6176254
10233535856,-0.1946774|51.6176523
10233554219,-0.1956322|51.6175273
10233554220,-0.1956128|51.6174815
10233554221,-0.19566|51.6174737
10233554222,-0.1956794|51.6175195
10233566840,-0.195722|51.6169768
10233566841,-0.1957004|51.6169527
10233566842,-0.1956665|51.6169644
10233566843,-0.1956887|51.6169883
10233566844,-0.1959207|51.6168808
10233566845,-0.1958675|51.6168464
10233566846,-0.195885|51.6169021
10233566847,-0.1958318|51.6168677
10233668573,-0.1967355|51.6191328
10233668574,-0.1967804|51.6190893
10233668583,-0.1970358|51.6192527
10233668584,-0.1969948|51.6192395
10233668585,-0.1969576|51.6192801
10233668586,-0.1970045|51.6192941
10233668587,-0.1970022|51.6192972
10233668588,-0.1970375|51.6192505
10233668589,-0.1970748|51.6192614
10233668590,-0.1970395|51.619308
10233703747,-0.1978224|51.6190821
10233703749,-0.197829|51.6190565
10233703750,-0.1979492|51.6190684
10233703751,-0.1979429|51.6190929
10233709728,-0.1970304|51.6185366
10233709729,-0.1969905|51.6185222
10233709730,-0.1969418|51.6185725
10233709731,-0.1970155|51.6185997
10233709732,-0.1970762|51.6185387
10233709733,-0.1970415|51.6185254
10233709734,-0.1969808|51.6185863
10233709741,-0.1965903|51.6184549
10233709742,-0.1965951|51.6184567
10233709743,-0.1966335|51.6184177
10233709744,-0.1965684|51.618393
10233709745,-0.1965306|51.6184315
10233709746,-0.1965558|51.618441
10233709747,-0.1965375|51.6184596
10233709748,-0.1965725|51.6184729
10233709767,-0.1963817|51.6183427
10233709768,-0.1963529|51.6183317
10233709769,-0.1963111|51.6183739
10233709770,-0.19634|51.6183849
10233709791,-0.1959585|51.618152
10233709792,-0.1959162|51.6181946
10233709793,-0.1959503|51.6182076
10233709794,-0.1959926|51.618165
10233734322,-0.197715|51.6193043
10233734323,-0.1977333|51.6193232
10233734324,-0.1976695|51.619347
10233734325,-0.1976106|51.6192861
10233734326,-0.1976805|51.61926
10233734327,-0.1977211|51.619302
10233759822,-0.1967486|51.6190815
10233759836,-0.1959192|51.6188153
10233759839,-0.1959151|51.6188186
10233759840,-0.1959604|51.6187742
10233759841,-0.1960009|51.6187903
10233759842,-0.1959553|51.6188346
10233759850,-0.1961671|51.6189035
10233759851,-0.1961319|51.6188901
10233759852,-0.1961656|51.618856
10233759853,-0.1962007|51.6188694
10233759894,-0.1967521|51.6190781
10233759895,-0.1967072|51.6191215
10233773223,-0.1954675|51.6186464
10233773224,-0.1955143|51.6185985
10233773225,-0.1955522|51.6186128
10233773226,-0.1955054|51.6186607
10234092804,-0.1570047|51.5948397
10234392407,-0.1554141|51.5949959
10234392408,-0.1553266|51.5949945
10234392409,-0.1553247|51.5950371
10234392410,-0.1554122|51.5950386
10235965471,-0.1941641|51.6172647
10235965472,-0.194102|51.6173114
10235965473,-0.1941413|51.6173315
10235965474,-0.1942034|51.6172848
10236216152,-0.194112|51.6173039
10236216153,-0.1940743|51.6172845
10236216154,-0.1941265|51.6172453
10236216203,-0.1941393|51.6176676
10236216204,-0.1940937|51.6176549
10236216205,-0.1940695|51.6177005
10236216206,-0.1941191|51.6177099
10236247220,-0.1936238|51.616618
10236247221,-0.193541|51.6166218
10236247222,-0.1935444|51.6166506
10236247223,-0.1936272|51.6166468
10236247224,-0.1936231|51.6166472
10236247225,-0.1935375|51.6166567
10236247226,-0.193546|51.6166861
10236247227,-0.1936316|51.6166765
10236247254,-0.1938125|51.6169561
10236247255,-0.1937443|51.6169743
10236247256,-0.1937594|51.6169962
10236247257,-0.1938276|51.616978
10236247274,-0.1939577|51.617144
10236247275,-0.1938912|51.6171869
10236247276,-0.1939255|51.6172074
10236247277,-0.1939919|51.6171644
10236247321,-0.1974907|51.6179321
10236247322,-0.1974559|51.6179182
10236247323,-0.197497|51.6178785
10236247324,-0.1975318|51.6178924
10237937983,-0.150467|51.5887873
10237937984,-0.1504127|51.5887923
10237937985,-0.150425|51.5888438
10237937986,-0.1504793|51.5888388
10237953475,-0.1508997|51.5887206
10237953476,-0.1507773|51.5887416
10237953477,-0.1507914|51.5887733
10237953478,-0.1509138|51.5887523
10238853498,-0.1947041|51.6183767
10238853499,-0.1946626|51.6183677
10238853500,-0.1946881|51.6183224
10238853501,-0.1947296|51.6183314
10238917362,-0.1926245|51.6179895
10238917363,-0.1925866|51.6179821
10238917364,-0.1926139|51.6179284
10238917365,-0.1926518|51.6179358
10238917366,-0.1924241|51.6178795
10238917367,-0.192387|51.6178726
10238917368,-0.192357|51.6179242
10238917369,-0.1924028|51.6179236
10238917399,-0.1933453|51.6180735
10238917400,-0.1933023|51.6180647
10238917401,-0.1932746|51.6181171
10238917402,-0.1933674|51.618136
10238917403,-0.193401|51.6180726
10238917404,-0.1933512|51.6180624
10238917405,-0.1933176|51.6181259
10238921757,-0.1931947|51.6175303
10238921758,-0.1932089|51.6175004
10238921759,-0.1932465|51.6175073
10238921760,-0.1932322|51.6175372
10238930088,-0.1908618|51.6174784
10238930089,-0.1907938|51.617453
10238930090,-0.1908434|51.6174017
10238930091,-0.1909114|51.6174271
10238930094,-0.1911303|51.6174911
10238930095,-0.1910961|51.6175259
10238930096,-0.1910637|51.6175137
10238930098,-0.191098|51.6174788
10238955616,-0.1916448|51.6177541
10238955617,-0.1916789|51.6177116
10238955618,-0.1916876|51.6177673
10238955619,-0.1917217|51.6177248
10238968506,-0.1906457|51.6165866
10238968507,-0.1907121|51.6165568
10238968508,-0.1906398|51.6165642
10238980956,-0.1914322|51.6170614
10238980959,-0.1914644|51.617082
10238980960,-0.1914614|51.6170283
10238980983,-0.1917991|51.6172118
10238980984,-0.191839|51.6171679
10238980985,-0.1918774|51.6171813
10238980986,-0.1918375|51.6172253
10238981031,-0.1926897|51.6174364
10238981037,-0.1927308|51.6174439
10238981038,-0.1927187|51.6173753
10238981044,-0.1927597|51.6173829
10238985209,-0.190718|51.6165793
10238997037,-0.1916299|51.6170923
10238997038,-0.1915957|51.6171279
10238997039,-0.1916703|51.6171072
10238997040,-0.1916361|51.6171428
10239061772,-0.1907105|51.6165316
10239061773,-0.1906435|51.6165389
10239061774,-0.1907168|51.6165537
10239061775,-0.1906497|51.616561
10239102591,-0.191222|51.6158839
10239102592,-0.191296|51.6159015
10239102606,-0.1913112|51.6158768
10239102607,-0.1912372|51.6158592
10239113013,-0.1914953|51.6155911
10239113014,-0.1914489|51.6156583
10239113015,-0.1914587|51.6155813
10239113016,-0.1914123|51.6156486
10239136698,-0.1899732|51.6171116
10239136699,-0.1899673|51.617083
10239136700,-0.190046|51.6170768
10239136701,-0.1900518|51.6171055
10239142711,-0.1937129|51.6162206
10239142712,-0.1936598|51.6162393
10239142713,-0.1936523|51.6162749
10239142714,-0.1938322|51.6162303
10239142715,-0.19382|51.6162885
10239142745,-0.1929999|51.6160663
10239142746,-0.1930481|51.615994
10239142747,-0.1931351|51.6160164
10239142748,-0.193104|51.6160631
10239142749,-0.1930613|51.6160521
10239142750,-0.1930926|51.6160052
10239142751,-0.1930442|51.6160777
10239142752,-0.1928944|51.6159562
10239142753,-0.1928654|51.6159992
10239142754,-0.1928524|51.6159453
10239142755,-0.1928234|51.6159882
10239142756,-0.1928061|51.6159328
10239142757,-0.1927687|51.615986
10239142758,-0.1928497|51.6159446
10239142759,-0.1928123|51.6159978
10239142785,-0.1926256|51.6159296
10239142786,-0.1926555|51.6158857
10239142787,-0.1926117|51.6158742
10239142788,-0.1925818|51.6159181
10239142810,-0.1924022|51.6158389
10239142811,-0.192364|51.6159014
10239142812,-0.1923584|51.6158286
10239142813,-0.1923202|51.615891
10239142814,-0.192308|51.615815
10239142815,-0.1922651|51.6158774
10239142816,-0.1923554|51.6158275
10239142817,-0.1923124|51.61589
10239142869,-0.1919009|51.6159195
10239142870,-0.1918062|51.6158935
10239142871,-0.1918261|51.6158656
10239142872,-0.1917999|51.6158584
10239142873,-0.1919208|51.6158916
10239142874,-0.191824|51.6158246
10239142875,-0.1919449|51.6158578
10239156761,-0.1930966|51.6165469
10239156762,-0.1931319|51.6165437
10239156763,-0.1931361|51.6165615
10239156764,-0.1930788|51.6165877
10239156765,-0.1931375|51.6165862
10239156766,-0.1932101|51.6165546
10239156767,-0.1932159|51.6165789
10239156768,-0.1930739|51.6165672
10239156769,-0.1930203|51.6165457
10239156770,-0.1930947|51.6165389
10239156771,-0.1930264|51.6165715
10239156789,-0.1929685|51.6163948
10239156790,-0.1929889|51.616375
10239156791,-0.1930267|51.6163588
10239156792,-0.1930253|51.6163577
10239156793,-0.1930448|51.6163502
10239156794,-0.1930267|51.616333
10239156795,-0.1928773|51.6164003
10239156796,-0.1929041|51.6164229
10239162015,-0.1924314|51.6161827
10239162016,-0.1924002|51.6162283
10239162017,-0.1924693|51.6161927
10239162018,-0.1924381|51.6162383
10239162019,-0.1920985|51.616203
10239162020,-0.1920667|51.6162468
10239162021,-0.1921414|51.6162149
10239162022,-0.1921097|51.6162588
10239163276,-0.1915961|51.6167687
10239163277,-0.1916345|51.6167218
10239163278,-0.1915621|51.616699
10239163279,-0.1915238|51.6167459
10239163280,-0.1916001|51.6167109
10239163281,-0.1915617|51.6167579
10239163304,-0.1910451|51.6162586
10239163305,-0.1911726|51.6162642
10239163306,-0.1910511|51.6162058
10239163307,-0.1911005|51.6162079
10239163308,-0.1911008|51.6162051
10239165471,-0.192949|51.6170189
10239165472,-0.1929066|51.6169798
10239165473,-0.1929571|51.6169587
10239165474,-0.1929995|51.6169979
10239165475,-0.1925306|51.6169611
10239165476,-0.1925684|51.616969
10239165477,-0.1925425|51.6170169
10239165478,-0.1925061|51.6170116
10239165479,-0.1924701|51.6169814
10239165480,-0.1924456|51.6170269
10239165481,-0.1925171|51.6169912
10239165482,-0.1924926|51.6170367
10239165503,-0.1922524|51.6169985
10239165504,-0.1922907|51.6169546
10239165505,-0.1922497|51.6169408
10239165506,-0.1922114|51.6169847
10239165507,-0.1922126|51.6169258
10239165508,-0.192174|51.61697
10239168109,-0.1911789|51.6162085
10239168110,-0.1910482|51.6162312
10239168111,-0.1911757|51.6162368
10239168120,-0.1912093|51.6164314
10239168121,-0.1911305|51.6164512
10239168122,-0.1912274|51.6164593
10239168123,-0.1911486|51.6164791
10239184109,-0.1922514|51.6169388
10239184110,-0.1922128|51.616983
10239184128,-0.1920488|51.6169167
10239184129,-0.1920839|51.6168725
10239184130,-0.1920426|51.6168599
10239184131,-0.1920076|51.6169041
10239184161,-0.1918229|51.6167886
10239184162,-0.1917917|51.6168292
10239184163,-0.1918604|51.6167998
10239184164,-0.1918292|51.6168403
10239193017,-0.1900112|51.6171087
10260747945,-0.1944175|51.6165684
10260747946,-0.1943419|51.6165782
10260747947,-0.1943508|51.6166044
10260747948,-0.1944264|51.6165946
10268933124,-0.2815062|51.6605038
10268933125,-0.2815448|51.6605481
10268933126,-0.2815435|51.6604913
10268933127,-0.281469|51.6605163
10268933128,-0.2815075|51.6605605
10268933129,-0.281582|51.6605356
10553365908,-0.180282|51.6430179
10553704309,-0.1802562|51.6430433
10553704310,-0.1803269|51.643071
10553704311,-0.1803527|51.6430456
10560067868,-0.1976769|51.6157519
10560067869,-0.1977533|51.6157615
10560067870,-0.1976674|51.6157812
10560067871,-0.1977438|51.6157907
10560067872,-0.1976338|51.615888
10560067873,-0.1977062|51.6158971
10560067874,-0.1976244|51.6159165
10560067875,-0.1976969|51.6159256
10560090111,-0.1977281|51.615571
10560090112,-0.1977197|51.6155959
10560090113,-0.1978078|51.6155813
10560090114,-0.1977994|51.6156063
10560174621,-0.1977646|51.6154047
10560174622,-0.19785|51.6154129
10560174623,-0.1977579|51.6154312
10560174624,-0.1978434|51.6154394
10560174641,-0.1977615|51.6154314
10560174642,-0.19786|51.6154414
10560174643,-0.1977539|51.6154601
10560174644,-0.1978525|51.6154701
10560291037,-0.1983925|51.6160133
10560291038,-0.198483|51.6160272
10560291039,-0.1984043|51.6159837
10560291040,-0.1984948|51.6159977
10560315836,-0.1984476|51.6158267
10560315837,-0.198519|51.6158364
10560315838,-0.1984393|51.6158503
10560315839,-0.198426|51.6158787
10560315840,-0.1985006|51.6158888
10560315841,-0.1984361|51.6158499
10560315842,-0.1985107|51.61586
10560339882,-0.198002|51.6162553
10560339883,-0.1980213|51.6161974
10560339884,-0.1980566|51.6162019
10560339894,-0.1980372|51.6162598
10560339901,-0.1978269|51.6159875
10560339902,-0.1979368|51.6160021
10560339903,-0.1978417|51.6159444
10560339904,-0.1979517|51.615959
10560341626,-0.1983055|51.6161914
10560341627,-0.1982579|51.6161854
10560341628,-0.198275|51.6161334
10560341629,-0.1983226|51.6161394
10560341630,-0.198316|51.6161595
10560384487,-0.197648|51.6160653
10560384488,-0.197636|51.6161151
10560384489,-0.1976949|51.6160697
10560384490,-0.1976828|51.6161195
10561616947,-0.1973969|51.6160449
10561616948,-0.1973578|51.61604
10561616949,-0.1973441|51.6160825
10561616950,-0.1973832|51.6160874
10561616963,-0.1973856|51.6160799
10561637216,-0.1971947|51.6157648
10561637217,-0.1972692|51.615774
10561637218,-0.1972033|51.6157379
10561637219,-0.1972778|51.615747
10562121961,-0.1969586|51.6181725
10562206880,-0.1951087|51.6178671
10562252294,-0.1968927|51.6181481
10562256618,-0.1966073|51.6184077
10562282547,-0.1963237|51.617545
10562287805,-0.1977066|51.6193332
10562293863,-0.1966275|51.6175064
10562305566,-0.1908286|51.617466
10562319819,-0.1950644|51.6178664
10562319820,-0.1950437|51.6179082
10562319821,-0.1951005|51.6178733
10562319822,-0.1950797|51.6179151
10562319823,-0.195154|51.6178777
10562319824,-0.1951277|51.617921
10562319825,-0.1950824|51.6179104
10563235744,-0.1966262|51.6172198
10563235748,-0.1967375|51.6170347
10563235749,-0.1966706|51.617014
10563235750,-0.1967561|51.6170117
10563235751,-0.1966892|51.6169909
10563235752,-0.1967168|51.6170647
10563235753,-0.1966501|51.6170416
10563235754,-0.1967397|51.6170392
10563235755,-0.196673|51.6170161
10564912682,-0.1922437|51.6178433
10564912683,-0.192219|51.6178902
10564912684,-0.1922007|51.6178346
10564912685,-0.1921761|51.6178814
10564912815,-0.195918|51.6168824
10564914304,-0.1947132|51.6183606
10564947911,-0.1914259|51.6170683
10564947912,-0.191502|51.6170412
10565053985,-0.1946727|51.6161662
10565053986,-0.1946254|51.6161132
10565053987,-0.1946127|51.6161598
10565053988,-0.1946942|51.6161204
10565053989,-0.1946814|51.6161671
10568235008,-0.1972599|51.6155537
10568293309,-0.1973355|51.6155627
10568293310,-0.1972525|51.6155779
10568293311,-0.1973281|51.6155869
10568293312,-0.1972447|51.6156013
10568293313,-0.1973262|51.6156117
10568293314,-0.1972522|51.6155788
10568293315,-0.1973336|51.6155892
10568385425,-0.1974258|51.6152917
10568385426,-0.1973534|51.6152821
10568385427,-0.1973623|51.6152561
10568385428,-0.1974347|51.6152657
10568406596,-0.1973212|51.6153908
10568406597,-0.1974002|51.6154009
10568406598,-0.1973135|51.6154143
10568406599,-0.1973924|51.6154243
10568406600,-0.197397|51.6154516
10568406601,-0.1973745|51.6154484
10568406602,-0.1973711|51.6154577
10568406603,-0.1973223|51.6154508
10568406604,-0.1973359|51.6154136
10568406605,-0.1974072|51.6154236
10568561529,-0.1971767|51.6143729
10568561530,-0.1972471|51.6143513
10568561531,-0.1971966|51.614398
10568561532,-0.197267|51.6143763
10570274561,-0.1977104|51.6174604
10570274562,-0.1977797|51.6175363
10570274563,-0.1978243|51.6175211
10570274564,-0.1977485|51.6174466
10570274571,-0.1978669|51.6167812
10570274572,-0.1979189|51.6167868
10570274573,-0.1978605|51.6168041
10570274574,-0.1979125|51.6168097
10570357326,-0.1959496|51.6163614
10570357327,-0.1959887|51.6163661
10570357328,-0.1960136|51.616286
10570357329,-0.1959744|51.6162813
10570357410,-0.196272|51.615884
10570357411,-0.1962365|51.6158989
10570357412,-0.196277|51.6159363
10570357413,-0.1963126|51.6159215
10570357428,-0.1962941|51.6159044
10570430846,-0.1948773|51.6162461
10570430847,-0.1948619|51.6162923
10570430848,-0.1949241|51.6162521
10570430849,-0.1949087|51.6162983
10570430850,-0.1949731|51.6162536
10570430851,-0.1949568|51.6163033
10570430852,-0.1949278|51.6162479
10570430853,-0.1949116|51.6162976
10570430903,-0.195375|51.616313
10570430904,-0.1953607|51.6163583
10570430905,-0.195421|51.6163186
10570430906,-0.1954067|51.6163638
10570430907,-0.1954688|51.6163247
10570430908,-0.1954538|51.6163704
10570477909,-0.1954238|51.6163191
10570477910,-0.1954088|51.6163648
10574382253,-0.1965155|51.6154795
10574382254,-0.1965048|51.6154782
10574382255,-0.196512|51.6154551
10574382256,-0.1964301|51.6154453
10574382257,-0.1964226|51.6154695
10574382258,-0.1964151|51.6154937
10574382259,-0.1965076|51.6155048
10574382270,-0.1963843|51.6156574
10574382271,-0.1964017|51.6156028
10574382272,-0.1964752|51.6156118
10574382273,-0.1964578|51.6156664
10574392369,-0.1964665|51.6156391
10574392370,-0.196393|51.6156301
10575159853,-0.1986795|51.6152129
10575159854,-0.1985662|51.6151991
10575159855,-0.1986715|51.6152382
10575159856,-0.1985582|51.6152245
10575223161,-0.1964784|51.6153418
10575223162,-0.1965557|51.6153515
10575223163,-0.1964866|51.6153167
10575223164,-0.1965639|51.6153264
10575223170,-0.1967038|51.6148629
10575223171,-0.1966261|51.6148598
10575223172,-0.1966313|51.6148091
10575223173,-0.1967091|51.6148122
10575223174,-0.1966287|51.6148344
10575223175,-0.1967065|51.6148376
10575223193,-0.1966594|51.6150009
10575223194,-0.1966678|51.6149737
10575223195,-0.1965812|51.6149634
10575223196,-0.1965729|51.6149906
10575223197,-0.1965605|51.6150154
10575223198,-0.1966463|51.6150256
10575223199,-0.1965683|51.6149901
10575223200,-0.1966542|51.6150003
10575223201,-0.1965482|51.6151282
10575223202,-0.1966258|51.6151383
10575223203,-0.1965398|51.615153
10575223204,-0.1966174|51.6151631
10575223238,-0.1974862|51.6147801
10575223239,-0.1975784|51.614778
10575223240,-0.1974846|51.6147536
10575232341,-0.1975768|51.6147515
10575232343,-0.1974496|51.6149314
10575232344,-0.1975176|51.6149372
10575232345,-0.1974555|51.6149047
10575232346,-0.1975236|51.6149106
10575232369,-0.1975252|51.6151112
10575232370,-0.1974359|51.6150993
10575232371,-0.1975341|51.6150855
10575232372,-0.1975163|51.6151369
10575232373,-0.1974447|51.6150736
10575232374,-0.197427|51.615125
10575265908,-0.197316|51.6143999
10575265909,-0.1972449|51.614419
10575265910,-0.1972962|51.6143714
10575265911,-0.1972251|51.6143905
10575267292,-0.1951239|51.6157484
10575267293,-0.1951484|51.6158057
10575267294,-0.1951645|51.6157531
10575267295,-0.1951078|51.6158009
10575267298,-0.1951099|51.6157943
10575290030,-0.1957016|51.6156755
10575300540,-0.1987156|51.615024
10575304341,-0.1988032|51.6150354
10575304342,-0.1987071|51.6150491
10575304343,-0.1987947|51.6150605
10576225534,-0.1948538|51.6147747
10576225540,-0.1949058|51.6148943
10576232822,-0.1948679|51.6147195
10576232823,-0.1949427|51.6147268
10576232824,-0.1949281|51.6147845
10576232825,-0.1948532|51.6147771
10576232826,-0.1949354|51.6147557
10576232827,-0.1948605|51.6147483
10576240392,-0.1952379|51.6143312
10576240393,-0.1952397|51.6143302
10576240394,-0.1952971|51.6143704
10576240395,-0.1952051|51.6143493
10576240396,-0.1952624|51.6143894
10576253041,-0.1948311|51.6148863
10576253042,-0.1948898|51.6149518
10576253043,-0.1948151|51.6149438
10576253044,-0.1948231|51.6149151
10576253045,-0.1948978|51.6149231
10576588124,-0.1947928|51.6152698
10576588125,-0.1948025|51.6152423
10576588126,-0.1946938|51.6152564
10576588127,-0.1948121|51.6152147
10576588128,-0.1947132|51.6152013
10576588129,-0.1947035|51.6152289
10576595176,-0.1947695|51.6150711
10576595177,-0.1948371|51.6151078
10576595178,-0.1948383|51.6151038
10576595179,-0.1948991|51.6151108
10576595180,-0.1947612|51.6150991
10576595181,-0.1949062|51.6150868
10576595182,-0.19478|51.6150453
10576595183,-0.1949349|51.615063
10576595184,-0.1947723|51.6150715
10576595185,-0.1949272|51.6150892
10578876937,-0.1946728|51.6153943
10578876938,-0.1946673|51.6153937
10578876939,-0.1947502|51.6154032
10578876940,-0.1947421|51.6154305
10578902041,-0.1946592|51.615421
10578902042,-0.1946809|51.6153673
10578902043,-0.1947513|51.6153754
10578902044,-0.1947433|51.6154024
10578970479,-0.1981974|51.6139801
10578970480,-0.1981899|51.6140259
10578970481,-0.198166|51.6139778
10578970482,-0.1981575|51.6140235
10583810590,-0.19436|51.6141582
10583810591,-0.1944234|51.6141869
10583810592,-0.1943875|51.6141348
10583810593,-0.1944509|51.6141635
10583810594,-0.1944075|51.6141061
10583810595,-0.194482|51.6141392
10583810596,-0.1943807|51.6141294
10583810597,-0.1944551|51.6141625
10583810604,-0.1946658|51.614004
10583824205,-0.194612|51.613967
10583824206,-0.1945763|51.6139871
10583824207,-0.1946301|51.614024
10583824208,-0.1945122|51.6139851
10583824209,-0.194603|51.6140476
10583824210,-0.1945459|51.6139662
10583824211,-0.1946368|51.6140286
10583824229,-0.1948098|51.6138673
10583824230,-0.194853|51.6139065
10583824231,-0.1947722|51.6138833
10583824232,-0.1948154|51.6139225
10583824233,-0.1948474|51.6138513
10583824234,-0.1948906|51.6138905
10583824243,-0.195151|51.613807
10583824244,-0.1951188|51.6137639
10583824245,-0.1950344|51.6137883
10583824246,-0.1950666|51.6138314
10583824247,-0.1950766|51.6137761
10583824248,-0.1951088|51.6138192
10583824281,-0.1956695|51.613686
10583824282,-0.1956266|51.6136877
10583824283,-0.1956318|51.613736
10583824284,-0.1956747|51.6137343
10583824306,-0.1956703|51.6136932
10583843409,-0.1940181|51.6149773
10583843422,-0.1938483|51.6151253
10583843423,-0.1939458|51.6151081
10583843424,-0.193857|51.6150975
10583843425,-0.1939623|51.615139
10583843426,-0.1938742|51.615159
10583843427,-0.1939531|51.6151685
10583843428,-0.1938834|51.6151295
10583843429,-0.1939371|51.615136
10583843442,-0.1938346|51.615292
10583843443,-0.1939133|51.6153015
10583843444,-0.1938428|51.6152658
10583843445,-0.1938264|51.6153182
10583843446,-0.1939215|51.6152753
10583843447,-0.1939051|51.6153277
10583843476,-0.1939521|51.614942
10583843477,-0.194029|51.6149508
10583843478,-0.1939441|51.6149689
10583843479,-0.1940211|51.6149777
10583843480,-0.1940662|51.6148176
10583843481,-0.1940733|51.6147927
10583843482,-0.194009|51.6147856
10583843483,-0.1940019|51.6148105
10583843484,-0.1939676|51.614836
10583843485,-0.1940458|51.6148447
10583843486,-0.1939758|51.6148076
10583843487,-0.1940539|51.6148162
10583843497,-0.1940097|51.6146676
10583843498,-0.1940289|51.6146701
10583843499,-0.1940274|51.6146745
10583843500,-0.1941012|51.6146842
10583843501,-0.1940171|51.6146461
10583843502,-0.1941101|51.6146584
10583853409,-0.1941038|51.614501
10583853410,-0.1941024|51.6145042
10583853411,-0.1941216|51.614441
10583853412,-0.194118|51.6144491
10583853413,-0.1941452|51.6145117
10583853414,-0.1940789|51.6144967
10583853415,-0.1940906|51.6144706
10583853416,-0.1941584|51.6144823
10583853417,-0.1940944|51.6144363
10583853418,-0.194199|51.6144632
10583853419,-0.1940798|51.6144687
10583853420,-0.194188|51.6144875
10583932903,-0.1952369|51.6154385
10583932904,-0.1951638|51.6154315
10583954717,-0.1961394|51.6148864
10583954718,-0.1962159|51.6148966
10583954719,-0.1961298|51.6149143
10583954720,-0.1962062|51.6149245
10583954753,-0.1956149|51.6156901
10583954754,-0.1956916|51.6157059
10583954755,-0.195613|51.615696
10583954756,-0.195623|51.6156656
10583954763,-0.1960827|51.615186
10583954764,-0.1960045|51.6151754
10583954765,-0.1960735|51.6152122
10583954766,-0.1959861|51.6152278
10583954767,-0.1960706|51.6152393
10583954768,-0.1959953|51.6152016
10583954769,-0.1960798|51.615213
10583954786,-0.1960459|51.6153472
10583954787,-0.1959539|51.6153382
10583954788,-0.1960394|51.615373
10583954789,-0.1959395|51.6153949
10583954790,-0.1960438|51.6154051
10583954791,-0.1959474|51.615364
10583954792,-0.1960517|51.6153742
10583954798,-0.1958934|51.6154964
10583954799,-0.1959769|51.6155054
10583954800,-0.1958864|51.6155216
10583954801,-0.1959699|51.6155305
10583959136,-0.1942525|51.6142729
10583959137,-0.1943196|51.6142932
10583959138,-0.194233|51.6142978
10583959139,-0.1943|51.6143181
10583971605,-0.19517|51.6154063
10583971606,-0.1952432|51.6154133
10583971607,-0.1951573|51.6154576
10583971608,-0.1952305|51.6154646
10583971609,-0.1951494|51.6155789
10583971610,-0.1952828|51.6155947
10583971611,-0.1951424|51.6156017
10583971612,-0.1952758|51.6156175
10584000815,-0.1960266|51.6146291
10584000816,-0.1959674|51.614656
10584000817,-0.1960538|51.6146523
10584000818,-0.1959947|51.6146791
10584026745,-0.195258|51.6151108
10584026746,-0.1952575|51.6151124
10584026747,-0.1952152|51.6150753
10584026748,-0.1952066|51.6151051
10584026749,-0.1953419|51.6150894
10584026750,-0.1953328|51.6151208
10584026768,-0.1953078|51.6149717
10584026769,-0.195386|51.6149824
10584026770,-0.1953167|51.6149467
10584026771,-0.1953949|51.6149574
10591329487,-0.1499765|51.615026
10591329488,-0.150004|51.6150632
10591329489,-0.1499513|51.6150783
10591329490,-0.1499238|51.615041
10591930687,-0.1477692|51.6180065
10598869077,-0.1928184|51.6153571
10598869078,-0.1927881|51.6154008
10598869079,-0.192857|51.6153674
10598869080,-0.1928267|51.6154111
10598869081,-0.1930182|51.6154124
10598869082,-0.1929996|51.6154394
10598869083,-0.1930528|51.6154215
10598869084,-0.1930342|51.6154486
10598869085,-0.1928924|51.6154504
10598869086,-0.1928192|51.6154142
10598869087,-0.1928634|51.615426
10598869088,-0.1928537|51.61544
10598869089,-0.192904|51.6154338
10598869090,-0.192981|51.6154838
10598869091,-0.1929982|51.6154591
10598869092,-0.1928297|51.6155252
10598869093,-0.1928478|51.61553
10598869094,-0.1928217|51.6155367
10598869095,-0.1928398|51.6155415
10598869096,-0.1928387|51.6155276
10598869097,-0.192887|51.6155541
10598869098,-0.1927766|51.6155246
10598869099,-0.1927845|51.6155131
10598869100,-0.192895|51.6155426
10598869101,-0.1927901|51.6154327
10598869102,-0.1929832|51.6154844
10598869103,-0.1927421|51.6155017
10598869104,-0.1929352|51.6155534
10598870924,-0.1932664|51.6154785
10598870925,-0.1932396|51.6155229
10598870926,-0.1933023|51.6154869
10598870927,-0.1932755|51.6155312
10600950093,-0.1913689|51.6149781
10600950094,-0.1913344|51.6150224
10600950095,-0.1914114|51.6149909
10600950096,-0.1913769|51.6150352
10600956213,-0.1916575|51.6150407
10600956214,-0.1916268|51.6150868
10600956215,-0.1916158|51.61503
10600956216,-0.1915851|51.6150761
10600956217,-0.1915781|51.6150201
10600956218,-0.1915476|51.6150655
10600956219,-0.191614|51.6150294
10600956220,-0.1915834|51.6150748
10600956235,-0.1918005|51.6150858
10600956236,-0.1917695|51.6151297
10600956237,-0.1918468|51.6150984
10600956238,-0.1918158|51.6151423
10600956262,-0.1920467|51.6151549
10600956263,-0.1920162|51.6151978
10600956264,-0.1920882|51.6151663
10600956265,-0.1920576|51.6152092
10600956270,-0.1921324|51.6151765
10600956271,-0.1921033|51.6152218
10600956272,-0.1920902|51.615166
10600956273,-0.192061|51.6152114
10601127937,-0.192344|51.6149538
10601127938,-0.1923788|51.6149043
10601127939,-0.1923794|51.6149634
10601127940,-0.1924142|51.6149139
10601127941,-0.1921798|51.6148523
10601127942,-0.1921485|51.6149001
10601127943,-0.1922173|51.6148618
10601127944,-0.1921859|51.6149096
10601127962,-0.1918959|51.6147643
10601127963,-0.1918649|51.6148069
10601127964,-0.1919366|51.6147757
10601127965,-0.1919056|51.6148183
10601127966,-0.191645|51.6147397
10601127967,-0.1916859|51.6147002
10601127968,-0.1916817|51.6147544
10601127969,-0.1917226|51.6147148
10601128003,-0.1917603|51.6145572
10601128004,-0.1917228|51.614598
10601140905,-0.1918004|51.6145714
10601140906,-0.1917628|51.6146122
10601140951,-0.1913665|51.6149812
10601147530,-0.1909453|51.6154715
10601147531,-0.1909765|51.6154284
10601147532,-0.1909921|51.6154846
10601147533,-0.1910233|51.6154415
10601147534,-0.1913487|51.6148906
10601147535,-0.1912568|51.614855
10601147536,-0.1913203|51.6149189
10601147537,-0.1912284|51.6148833
10601147556,-0.1926116|51.6149863
10601147557,-0.1925838|51.6150277
10601147558,-0.1926538|51.6149972
10601147559,-0.192626|51.6150387
10601158464,-0.1974448|51.6165594
10606569024,-0.1428671|51.5939927
10606569025,-0.1428403|51.5939414
10606569026,-0.1427258|51.5939645
10606569027,-0.1427526|51.5940158
10606569028,-0.1426803|51.5939714
10606569029,-0.1426569|51.5939487
10606569030,-0.142718|51.5939244
10606569031,-0.1427414|51.5939472
10608931098,-0.1933176|51.6145923
10608931099,-0.1932874|51.6146361
10608931100,-0.1933572|51.6146028
10608931101,-0.1933268|51.6146467
10608937440,-0.1936759|51.615028
10608937441,-0.1935277|51.6149924
10608937442,-0.1936887|51.6149963
10608937443,-0.1935465|51.6149622
10617871299,-0.1952128|51.6163084
10617871300,-0.195199|51.6163513
10617871301,-0.1951746|51.6163037
10617871302,-0.1951609|51.6163466
10617882213,-0.1957041|51.61641
10617882214,-0.1956278|51.616351
10617882215,-0.1956113|51.6163973
10617882216,-0.1956715|51.616357
10617882217,-0.195655|51.6164033
10617882218,-0.1957206|51.6163637
10647121999,-0.1919898|51.6141283
10647122000,-0.1919647|51.6141516
10647122001,-0.1920311|51.6141792
10647122002,-0.1920562|51.6141559
10647122003,-0.1919372|51.6141775
10647122004,-0.1920036|51.6142051
10647134605,-0.1919623|51.6141541
10647134606,-0.1920287|51.6141817
10647134607,-0.1919146|51.61447
10647134608,-0.1919726|51.614414
10647134609,-0.1918316|51.6144369
10647134610,-0.1918896|51.6143809
10647134687,-0.1931183|51.6145228
10647134688,-0.193082|51.6145782
10647134689,-0.1930845|51.6145143
10647134690,-0.1930483|51.6145697
10647173939,-0.191988|51.61413
10647173944,-0.1919385|51.6141763
10647173947,-0.1920648|51.6140621
10647173948,-0.1921818|51.6141091
10647173949,-0.1920898|51.6140382
10647173950,-0.1922068|51.6140852
10648736101,-0.1927009|51.6134632
10648736102,-0.1927595|51.613489
10648736103,-0.1926815|51.6134802
10648736104,-0.1927401|51.613506
10648756905,-0.1927249|51.6134383
10648756906,-0.1927954|51.6134689
10648756907,-0.1926993|51.6134611
10648756908,-0.1927699|51.6134917
10648756930,-0.1926077|51.6136383
10648756931,-0.1925399|51.6136123
10648756932,-0.1926325|51.6136133
10648756933,-0.1925648|51.6135873
10648756934,-0.1927007|51.6136041
10648756935,-0.1925914|51.6135618
10648756936,-0.1926758|51.6136289
10648756937,-0.1925665|51.6135866
10648756969,-0.192683|51.6137343
10648756970,-0.1926371|51.6137782
10648756971,-0.1926381|51.6137162
10648756972,-0.1925922|51.6137601
10648757089,-0.1939612|51.6143502
10648757090,-0.193869|51.6143205
10648757091,-0.1939858|51.6143208
10648757092,-0.1938936|51.6142911
10648757126,-0.1925138|51.613899
10648757127,-0.1924752|51.6139379
10648757128,-0.1924734|51.6138836
10648757129,-0.1924348|51.6139225
10650059155,-0.1935456|51.613098
10650059156,-0.1934889|51.6131392
10650059157,-0.1935883|51.6131206
10650059158,-0.1935316|51.6131618
10650212873,-0.1940301|51.6126932
10650212874,-0.1940777|51.6127311
10650212875,-0.1939991|51.6127081
10650212876,-0.194061|51.6126782
10650212877,-0.1941086|51.6127162
10650212878,-0.1940467|51.6127461
10650212893,-0.1939466|51.6127775
10650212894,-0.1938829|51.6127369
10650212895,-0.1938158|51.6127776
10650212896,-0.1938795|51.6128181
10650212897,-0.1938493|51.6127573
10650212898,-0.193913|51.6127979
10651431566,-0.1646579|51.6171109
10652145960,-0.1600573|51.6165863
10652145961,-0.1600269|51.6165888
10652145962,-0.1600242|51.6165761
10652145963,-0.1600111|51.6166505
10652145964,-0.16007|51.6166457
10652247391,-0.2776528|51.6161474
10652247392,-0.2775754|51.6161594
10652247393,-0.2775859|51.6161854
10652247394,-0.2776633|51.6161733
10652247428,-0.2775512|51.6157748
10652247429,-0.2775688|51.6158231
10652247430,-0.2775308|51.6158284
10652247431,-0.2775132|51.6157802
10663376307,-0.1899094|51.6148345
10663376308,-0.1899412|51.6147929
10663376309,-0.1899738|51.6148535
10663376310,-0.1900056|51.614812
10678286240,-0.1897519|51.6161756
10678286241,-0.1898348|51.6162007
10678286242,-0.189831|51.6161716
10678286243,-0.1897595|51.6162338
10678286244,-0.1898386|51.6162298
10678286245,-0.1897557|51.6162047
10678901963,-0.1909959|51.6139236
10678901964,-0.1910591|51.6139512
10678901965,-0.1909698|51.6139467
10678901966,-0.1910221|51.6139005
10678901967,-0.191033|51.6139743
10678901968,-0.1910853|51.613928
10678971627,-0.1911686|51.6138569
10678971628,-0.1911092|51.6138331
10678971629,-0.1911307|51.6138124
10678971630,-0.1911901|51.6138363
10679125791,-0.1920646|51.6129949
10679125792,-0.1921265|51.6130258
10679125793,-0.1920403|51.6130137
10679125794,-0.1921022|51.6130446
10679125795,-0.1918424|51.6130615
10679125796,-0.1919502|51.6131058
10679125797,-0.191819|51.6130835
10679125798,-0.1919268|51.6131277
10679127668,-0.1912386|51.613689
10679127669,-0.1913134|51.6137198
10679127670,-0.1912616|51.6136675
10679127671,-0.1913363|51.6136984
10679141706,-0.1913953|51.6135541
10679141707,-0.1914578|51.6135808
10679141708,-0.1913731|51.6135741
10679141709,-0.1914356|51.6136008
10679171972,-0.1916042|51.6133633
10679171973,-0.1916485|51.6133831
10679171974,-0.1916262|51.6133444
10679171975,-0.1916705|51.6133642
10679248003,-0.1920692|51.6129972
10679249407,-0.1930528|51.6123258
10679249408,-0.1930815|51.6123044
10679249409,-0.1931492|51.6123395
10679249410,-0.193092|51.6123821
10679249411,-0.1930331|51.6123516
10679249412,-0.1931205|51.6123608
10679249413,-0.1930616|51.6123303
10685554811,-0.1951236|51.6111861
10685554812,-0.1951831|51.6112164
10685554813,-0.1950981|51.6112055
10685554814,-0.1951491|51.6111668
10685554815,-0.1951576|51.6112357
10685554816,-0.1952086|51.611197
10685554834,-0.1950439|51.6113034
10685554835,-0.195096|51.6113378
10685554836,-0.1950375|51.6112991
10685554837,-0.1950109|51.6113227
10685554838,-0.1950629|51.6113571
10685554839,-0.1950657|51.6112827
10685554840,-0.1951242|51.6113214
10685554976,-0.1941599|51.6116927
10685554977,-0.1942206|51.611762
10685554978,-0.1942063|51.611677
10685554979,-0.194267|51.6117463
10685579753,-0.1951959|51.6110596
10685579754,-0.1952607|51.6110844
10685579755,-0.1951731|51.6110826
10685579756,-0.1952187|51.6110366
10685579757,-0.1952379|51.6111074
10685579758,-0.1952835|51.6110614
10690720887,-0.1926589|51.6162437
10690720888,-0.1926315|51.616286
10690720889,-0.1926972|51.6162533
10690720890,-0.1926698|51.6162956
10690720891,-0.192619|51.616233
10690720892,-0.1925906|51.6162768
10690720893,-0.1926583|51.6162428
10690720894,-0.1926299|51.6162866
10690803196,-0.1941468|51.6129836
10690803197,-0.1941957|51.6129489
10690803198,-0.1941764|51.6129996
10690803199,-0.1942252|51.612965
10690803200,-0.1943556|51.613014
10690803201,-0.1943082|51.6130479
10690803202,-0.1943855|51.6130301
10690803203,-0.1943381|51.613064
10731315781,-0.197004|51.6116012
10731315782,-0.1969594|51.6116472
10731315783,-0.1969717|51.6115892
10731315784,-0.1969271|51.6116352
10731322005,-0.1967435|51.6114882
10731322006,-0.1967827|51.6114493
10731322009,-0.1968191|51.6114634
10731322010,-0.1967799|51.6115024
10731322026,-0.19663|51.6114356
10731322027,-0.1966753|51.6113944
10731322028,-0.1965952|51.6114209
10731322029,-0.1966405|51.6113797
10731322030,-0.1964066|51.6112849
10731322031,-0.1963623|51.6113284
10731322032,-0.1964479|51.6113011
10731322033,-0.1964036|51.6113446
10731322034,-0.1964913|51.6113181
10731322035,-0.196447|51.6113616
10731322052,-0.1962192|51.6112957
10731322053,-0.1962611|51.6112532
10731322054,-0.1961874|51.6112289
10731322055,-0.1961482|51.6112687
10731322056,-0.1962236|51.6112427
10731322057,-0.1962264|51.61124
10731322058,-0.1961844|51.6112825
10731344819,-0.1961556|51.6116644
10731344820,-0.1960719|51.6117274
10731344821,-0.1962019|51.6116881
10731344822,-0.1961182|51.6117511
10733710942,-0.196738|51.6122912
10733710943,-0.1967783|51.612344
10733710944,-0.1967126|51.6123106
10733710945,-0.1968038|51.6123246
10733710946,-0.1967932|51.6122798
10733710947,-0.1968557|51.6123116
10733710948,-0.1967621|51.6123034
10733710949,-0.1968247|51.6123352
10733710966,-0.1970169|51.612244
10733710967,-0.1969908|51.6122629
10733710968,-0.1969033|51.6122162
10733710969,-0.1969562|51.612178
10733710970,-0.1970205|51.6122124
10733710971,-0.1969295|51.6121973
10733710972,-0.1969938|51.6122317
10733729199,-0.1964431|51.6125021
10733729200,-0.1965119|51.6125398
10733729201,-0.1964719|51.6124819
10733729202,-0.1965407|51.6125196
10733729203,-0.1964144|51.6125223
10733729204,-0.1964832|51.61256
10733740159,-0.1965603|51.6124159
10733740160,-0.1966314|51.6124529
10733740161,-0.1965881|51.6123953
10733740162,-0.1966592|51.6124323
10734224654,-0.196187|51.6127585
10734224655,-0.1962076|51.6127689
10734224656,-0.1961769|51.6127661
10734224657,-0.196121|51.6127377
10734224658,-0.1962234|51.6127569
10734224659,-0.1961726|51.6126986
10734224660,-0.1962564|51.6127413
10734224661,-0.1961469|51.612718
10734224662,-0.1962307|51.6127607
10734224663,-0.1963613|51.612641
10734224664,-0.1963893|51.6126209
10734224665,-0.1963329|51.6125906
10734224666,-0.1963049|51.6126107
10734224667,-0.1962708|51.6126295
10734224668,-0.1963236|51.6126578
10734224669,-0.1963003|51.6126083
10734224670,-0.1963531|51.6126366
10739452251,-0.1958731|51.6129896
10739452252,-0.1958033|51.6129532
10739452255,-0.1958314|51.6129324
10739452256,-0.1959012|51.6129689
10739452257,-0.1960424|51.6128566
10739452258,-0.1959844|51.6128268
10739452259,-0.1960117|51.6128064
10739452260,-0.1960697|51.6128361
10739452261,-0.1959571|51.6128473
10739452262,-0.1960152|51.6128771
10744766915,-0.1668001|51.5879349
10744766916,-0.1668272|51.5878922
10744766917,-0.1668955|51.587909
10744766918,-0.1668685|51.5879516
10744766944,-0.1672579|51.5877482
10744766945,-0.1672747|51.5877294
10744766946,-0.1673366|51.5877508
10744766947,-0.1673198|51.5877696
10803396564,-0.291578|51.665572
10803396565,-0.2915025|51.6656047
10803396566,-0.2915232|51.6656231
10803396571,-0.2915987|51.6655904
10803396577,-0.2915357|51.6654399
10803396578,-0.2914579|51.6654736
10803396579,-0.2915792|51.6654786
10803396580,-0.2915575|51.6654592
10803396581,-0.2915014|51.6655122
10803396582,-0.2914797|51.6654929
10803396583,-0.2914251|51.6653415
10803396584,-0.2913473|51.6653752
10803396585,-0.2914686|51.6653802
10803396586,-0.2914468|51.6653609
10803396587,-0.2913908|51.6654139
10803396588,-0.291369|51.6653945
10803396589,-0.2910807|51.6650342
10803396590,-0.2911242|51.6650729
10803396591,-0.2911025|51.6650535
10803396592,-0.2910464|51.6651065
10803396593,-0.2910029|51.6650679
10803396594,-0.2910247|51.6650872
10803396595,-0.2910133|51.6649772
10803396596,-0.2909489|51.665005
10803396597,-0.2909915|51.6649578
10803396598,-0.2909698|51.6649385
10803396599,-0.2909054|51.6649664
10803396600,-0.2909271|51.6649857
10803396601,-0.2912312|51.6651693
10803396602,-0.2911668|51.6651972
10803396603,-0.2912095|51.66515
10803396604,-0.2911877|51.6651306
10803397505,-0.2911233|51.6651585
10803397506,-0.291145|51.6651779
10803397507,-0.2912897|51.6652224
10803397508,-0.2913332|51.665261
10803397509,-0.2913115|51.6652417
10803397510,-0.291247|51.6652696
10803397511,-0.2912253|51.6652502
10803397512,-0.2912688|51.6652889
10803397667,-0.2921333|51.6661148
10803397668,-0.2920872|51.6660737
10803397669,-0.2921644|51.6661013
10803397670,-0.2921955|51.6660879
10803397671,-0.2921493|51.6660468
10803397672,-0.2921183|51.6660603
10803397673,-0.2917997|51.6662389
10803397674,-0.2917458|51.666191
10803397675,-0.291831|51.6662254
10803397676,-0.2918624|51.6662118
10803397677,-0.2918084|51.6661639
10803397678,-0.2917771|51.6661774
10803397679,-0.2919635|51.6661693
10803397680,-0.2919095|51.6661213
10803397681,-0.2919948|51.6661557
10803397682,-0.2920261|51.6661422
10803397683,-0.2919722|51.6660942
10803397684,-0.2919409|51.6661078
10803397685,-0.2923799|51.6660638
10803397686,-0.2923259|51.6660159
10803397687,-0.2924112|51.6660503
10803397688,-0.2924426|51.6660367
10803397689,-0.2923886|51.6659888
10803397690,-0.2923573|51.6660023
10803397691,-0.2925395|51.6659946
10803397692,-0.2924855|51.6659466
10803397693,-0.2925708|51.665981
10803397694,-0.2926022|51.6659675
10803397695,-0.2925482|51.6659195
10803397696,-0.2925169|51.6659331
10803397697,-0.2926467|51.6658752
10803397698,-0.2927093|51.6658481
10803397699,-0.292678|51.6658616
10803397700,-0.2927319|51.6659096
10803397701,-0.2927006|51.6659231
10803397702,-0.2927633|51.665896
10803397703,-0.2928331|51.6657948
10803397704,-0.2928792|51.6658359
10803397705,-0.2928642|51.6657814
10803397706,-0.292802|51.6658083
10803397707,-0.2928482|51.6658493
10803397708,-0.2929103|51.6658224
11199816963,-0.1451236|51.6394543
11199816964,-0.1450492|51.6394533
11199816965,-0.1450492|51.6394025
11199816966,-0.1451236|51.6394025
11225204116,-0.1324948|51.6607322
11225204117,-0.1323913|51.6607057
11225204118,-0.1324364|51.660638
11225204119,-0.1325399|51.6606645
11225204124,-0.1317945|51.6605971
11225204125,-0.1317079|51.6606447
11225204126,-0.1316397|51.660597
11225204127,-0.1317262|51.6605493
11225204144,-0.1319415|51.6604838
11225204145,-0.1318639|51.6604356
11225204146,-0.1319482|51.6603835
11225204147,-0.1320257|51.6604317
11225223198,-0.1396383|51.6384586
11225223199,-0.1395554|51.6384909
11225223200,-0.139499|51.6384352
11225223201,-0.1395819|51.6384029
11226000089,-0.131674|51.6606209
11226000090,-0.1324459|51.6607197
11226000100,-0.1319878|51.6604081
11226000156,-0.1319145|51.6596984
11226000157,-0.1319453|51.6597628
11226000158,-0.1318952|51.6597721
11226000159,-0.1318643|51.6597076
11226000160,-0.1319647|51.6596891
11226000161,-0.1319955|51.6597536
11226000162,-0.1322604|51.6596242
11226000163,-0.1322044|51.6595621
11226000165,-0.1322148|51.65964
11226000166,-0.1321588|51.6595779
11251639674,-0.1322082|51.6398665
11251639675,-0.1321035|51.6398891
11251639676,-0.1320762|51.6398401
11251639677,-0.1321793|51.6398222
11251700667,-0.1318245|51.6360316
11251700668,-0.1319202|51.6360751
11251700669,-0.1318487|51.6361305
11251700670,-0.1317492|51.6360838
11255342876,-0.139105|51.6425931
11255342877,-0.1390402|51.6425791
11255342878,-0.1390744|51.6425181
11255342879,-0.1391392|51.6425321
11255342880,-0.1391922|51.6426123
11255342881,-0.1391274|51.6425983
11255342882,-0.1391616|51.6425373
11255342883,-0.1392264|51.6425513
11255342884,-0.1392824|51.6426358
11255342885,-0.1392176|51.6426218
11255342886,-0.1392518|51.6425608
11255342887,-0.1393167|51.6425748
11255342888,-0.13936|51.642666
11255342889,-0.1392952|51.642652
11255342890,-0.1393294|51.642591
11255342891,-0.1393942|51.642605
11255343289,-0.1406322|51.6395509
11255343290,-0.1405697|51.6394957
11255343291,-0.1406313|51.6394688
11255343292,-0.1406939|51.639524
11257213007,-0.1335405|51.6413235
11257213008,-0.1335074|51.6413715
11257213009,-0.1334003|51.641343
11257213010,-0.1334334|51.641295
11330120845,-0.1343257|51.571428
11330120846,-0.1342383|51.5714586
11330120847,-0.1342661|51.5714892
11330120848,-0.1343535|51.5714586
11386830649,-0.1390887|51.6464817
11386830653,-0.1394337|51.6464146
11386830658,-0.1362611|51.6471662
11386830659,-0.1362775|51.6472159
11386830660,-0.136357|51.6472058
11386830661,-0.1363406|51.6471561
11386830662,-0.1363048|51.6471606
11386830663,-0.1363213|51.6472103
11386837870,-0.1356993|51.6472954
11386837875,-0.1356926|51.6473234
11386837876,-0.1357124|51.6472408
11386837877,-0.1357543|51.6472447
11386837878,-0.1357345|51.6473273
11386837879,-0.1356569|51.6470967
11386837880,-0.1356202|51.647109
11386837881,-0.1355818|51.6470649
11386837882,-0.1356185|51.6470526
11447699922,-0.1914636|51.6093486
11447699923,-0.1915196|51.6093183
11447699924,-0.1914951|51.6093009
11447699925,-0.1914391|51.6093312
11483910991,-0.176564|51.5633359
11492473177,-0.2230669|51.595268
11492473178,-0.2231476|51.5952773
11492473179,-0.2231655|51.5952171
11492473180,-0.2230848|51.5952079
11492489742,-0.2921882|51.5877343
11492489743,-0.2922045|51.5876867
11492489744,-0.2922847|51.5876973
11492489745,-0.2922684|51.5877449
11502892207,-0.1940205|51.6130136
11502892208,-0.1940742|51.6129694
11502892209,-0.1940771|51.6130401
11502892210,-0.1941309|51.612996
11502908877,-0.1955489|51.6131923
11502908878,-0.1956082|51.6132227
11502908879,-0.1955749|51.6131727
11502908880,-0.1956343|51.6132031
11502908895,-0.1957809|51.6130572
11502908896,-0.1956934|51.6130458
11502908897,-0.1957529|51.6130775
11502908898,-0.1957233|51.6130242
11502908899,-0.1957828|51.6130558
11502908900,-0.1956834|51.6130691
11502908901,-0.1957511|51.6131045
11502908902,-0.1957048|51.6130533
11502908903,-0.1957725|51.6130887
11503049761,-0.1950118|51.613342
11503049762,-0.1950071|51.6133864
11503049763,-0.1950491|51.6133435
11503049764,-0.1950444|51.6133879
11503083403,-0.1944893|51.6131689
11503083404,-0.1945429|51.6131271
11503083405,-0.1944581|51.6131535
11503083406,-0.1945204|51.6131843
11503083407,-0.1945118|51.6131117
11503083408,-0.1945741|51.6131425
11503083419,-0.1949591|51.6133833
11503083420,-0.1949669|51.6133264
11503083421,-0.1949999|51.6133855
11503083422,-0.1950077|51.6133286
11508297247,-0.195246|51.6125061
11508297248,-0.1953191|51.6125439
11508297249,-0.1952714|51.6124872
11508297250,-0.1953444|51.612525
11508297267,-0.1971591|51.6117134
11508306329,-0.1951833|51.6127507
11508306330,-0.1951364|51.6127851
11508306331,-0.1951538|51.6127351
11508306332,-0.1951068|51.6127695
11508340070,-0.1971577|51.6116706
11508340071,-0.1970714|51.611715
11508340072,-0.1971922|51.6116964
11508340073,-0.1971059|51.6117408
11508340081,-0.1968467|51.6123185
11508466198,-0.1954386|51.6123836
11508466199,-0.1954943|51.6124154
11508466200,-0.1954646|51.612366
11508466201,-0.1955203|51.6123978
11508466202,-0.1954281|51.612384
11508466203,-0.1954919|51.612416
11508466204,-0.1954033|51.6124031
11508466205,-0.1954671|51.6124351
11509058135,-0.1358981|51.598385
11509058136,-0.1358446|51.5984122
11509058137,-0.1359013|51.5984553
11509058138,-0.1359549|51.5984281
11509058139,-0.1356365|51.598413
11509058140,-0.1355808|51.5984109
11509058141,-0.1355754|51.5984674
11509058142,-0.1356311|51.5984694
11509107080,-0.1324834|51.5978573
11509107081,-0.1324255|51.5978463
11509107082,-0.1323975|51.5979031
11509107083,-0.1324554|51.5979141
11509107205,-0.1323156|51.5974969
11509107206,-0.1322941|51.5974984
11509107207,-0.1322805|51.5975028
11509107208,-0.132272|51.5975111
11509107209,-0.1322688|51.5975239
11509107210,-0.1323038|51.597548
11509107211,-0.1323308|51.5975504
11509107212,-0.1323665|51.5975312
11509107240,-0.1321606|51.5983641
11509107241,-0.1320791|51.5983486
11509107242,-0.132103|51.5983001
11509107243,-0.1321846|51.5983156
11509107248,-0.1318305|51.5982434
11509107249,-0.1318061|51.5982902
11509107250,-0.1318886|51.5983069
11509107251,-0.1319131|51.5982601
11510448614,-0.1958433|51.6117072
11510448615,-0.1958982|51.6117339
11510448616,-0.1958692|51.6116866
11510448617,-0.1959242|51.6117132
11510448632,-0.1960662|51.6116775
11510448633,-0.1961141|51.6116413
11510448634,-0.1961046|51.6116971
11510448635,-0.1961525|51.6116609
11510488415,-0.1960046|51.611939
11510488416,-0.1960846|51.6119821
11510488417,-0.1959793|51.611957
11510488418,-0.1960594|51.6120001
11510488419,-0.1960508|51.6119145
11510488420,-0.1961188|51.6119512
11510488421,-0.1960115|51.6119427
11510488422,-0.1960795|51.6119793
11510488423,-0.1961955|51.6118202
11510488424,-0.1962555|51.6118519
11510488425,-0.1961444|51.6118576
11510488426,-0.1962045|51.6118892
11510488427,-0.1961687|51.6118398
11510488428,-0.1962287|51.6118715
11510488457,-0.19558|51.6118774
11510488458,-0.1956347|51.6119013
11510488459,-0.1955562|51.6118983
11510488460,-0.1956108|51.6119223
11510488461,-0.1955215|51.6119262
11510488462,-0.19562|51.6119718
11510488463,-0.1955543|51.6118989
11510488464,-0.1956528|51.6119445
11510500769,-0.1958826|51.6120601
11510500770,-0.1959434|51.6120917
11510500771,-0.195911|51.6120391
11510500772,-0.1959717|51.6120707
11510505939,-0.1956931|51.6117877
11510505940,-0.1956661|51.6118083
11510505941,-0.1957314|51.6118414
11510505942,-0.1957245|51.6117687
11510505943,-0.195786|51.6117998
11510505944,-0.195697|51.6117896
11510505945,-0.1957585|51.6118208
11510519849,-0.1951484|51.6122085
11510519850,-0.1950422|51.6121605
11510519851,-0.19512|51.6122326
11510519852,-0.1950139|51.6121846
11510519866,-0.1952067|51.6120959
11510519867,-0.1952803|51.6121319
11510519868,-0.195255|51.6121518
11510527726,-0.1953656|51.6119875
11510527727,-0.19544|51.6120225
11510527728,-0.1953311|51.6120158
11510527729,-0.1954055|51.6120508
11510527730,-0.1954143|51.6119741
11510527731,-0.195475|51.6120026
11510527732,-0.1953862|51.6119972
11510527733,-0.1954469|51.6120257
11510555369,-0.1951814|51.6121158
11510555370,-0.1952255|51.6121051
11510555371,-0.195295|51.6121391
11510555372,-0.1952545|51.6120822
11510555373,-0.195324|51.6121162
11510581709,-0.1947088|51.6123751
11510638334,-0.1946955|51.6123939
11510638335,-0.1946394|51.6123786
11510638336,-0.1946527|51.6123599
11697958728,-0.2115537|51.5983405
11697958729,-0.2114925|51.5983037
11697958730,-0.2115642|51.5982577
11697958731,-0.2116254|51.5982945
